<?xml version="1.0" encoding="UTF-8"?><osm version="0.6" generator="Overpass API 0.7.62.11 87bfad18">
<note>The data included in this document is from www.openstreetmap.org. The data is made available under ODbL.</note>
<meta osm_base="2026-04-23T17:40:30Z"/>

  <bounds minlat="42.8695009" minlon="-8.5534787" maxlat="42.8770019" maxlon="-8.5438442"/>

  <node id="56541730" lat="42.8770733" lon="-8.5461860"/>
  <node id="56541750" lat="42.8763781" lon="-8.5479706">
    <tag k="crossing" v="uncontrolled"/>
    <tag k="crossing:island" v="yes"/>
    <tag k="crossing:markings" v="zebra"/>
    <tag k="highway" v="crossing"/>
    <tag k="tactile_paving" v="no"/>
  </node>
  <node id="56541838" lat="42.8757971" lon="-8.5494795"/>
  <node id="56541841" lat="42.8737639" lon="-8.5525555"/>
  <node id="56542129" lat="42.8770189" lon="-8.5462081"/>
  <node id="56542469" lat="42.8771380" lon="-8.5462885"/>
  <node id="56542553" lat="42.8768981" lon="-8.5463436"/>
  <node id="56542921" lat="42.8767822" lon="-8.5468522"/>
  <node id="56543542" lat="42.8732490" lon="-8.5532258">
    <tag k="button_operated" v="yes"/>
    <tag k="crossing" v="traffic_signals"/>
    <tag k="highway" v="crossing"/>
    <tag k="traffic_signals:sound" v="yes"/>
    <tag k="traffic_signals:vibration" v="no"/>
  </node>
  <node id="79525263" lat="42.8731953" lon="-8.5535041"/>
  <node id="79538575" lat="42.8756948" lon="-8.5557498"/>
  <node id="79538612" lat="42.8697016" lon="-8.5485936"/>
  <node id="79538807" lat="42.8694464" lon="-8.5440825"/>
  <node id="79538816" lat="42.8694899" lon="-8.5439935"/>
  <node id="79538824" lat="42.8697827" lon="-8.5432846"/>
  <node id="79539326" lat="42.8718868" lon="-8.5440768"/>
  <node id="79539350" lat="42.8759863" lon="-8.5489969"/>
  <node id="79539378" lat="42.8760694" lon="-8.5447068"/>
  <node id="79545472" lat="42.8766257" lon="-8.5415294"/>
  <node id="79545488" lat="42.8759356" lon="-8.5436032"/>
  <node id="79545496" lat="42.8759141" lon="-8.5439501"/>
  <node id="144350586" lat="42.8690051" lon="-8.5513466"/>
  <node id="144350592" lat="42.8691174" lon="-8.5511737"/>
  <node id="144350602" lat="42.8692192" lon="-8.5509978"/>
  <node id="144350612" lat="42.8693079" lon="-8.5508167"/>
  <node id="144350617" lat="42.8694047" lon="-8.5505957"/>
  <node id="144350632" lat="42.8694838" lon="-8.5503588"/>
  <node id="144350647" lat="42.8695560" lon="-8.5500695">
    <tag k="highway" v="motorway_junction"/>
  </node>
  <node id="144350653" lat="42.8695501" lon="-8.5495386"/>
  <node id="144364858" lat="42.8695561" lon="-8.5491848"/>
  <node id="144364863" lat="42.8695800" lon="-8.5489497"/>
  <node id="144364872" lat="42.8696129" lon="-8.5486657">
    <tag k="button_operated" v="no"/>
    <tag k="crossing" v="traffic_signals"/>
    <tag k="crossing:markings" v="zebra"/>
    <tag k="highway" v="crossing"/>
    <tag k="tactile_paving" v="yes"/>
    <tag k="traffic_signals:sound" v="yes"/>
    <tag k="traffic_signals:vibration" v="no"/>
  </node>
  <node id="144364929" lat="42.8698192" lon="-8.5488250">
    <tag k="button_operated" v="no"/>
    <tag k="crossing" v="traffic_signals"/>
    <tag k="crossing:markings" v="zebra"/>
    <tag k="highway" v="crossing"/>
    <tag k="tactile_paving" v="yes"/>
  </node>
  <node id="144364988" lat="42.8695849" lon="-8.5503868"/>
  <node id="144365029" lat="42.8696377" lon="-8.5500999"/>
  <node id="144365101" lat="42.8694896" lon="-8.5506872"/>
  <node id="144365205" lat="42.8698092" lon="-8.5490158"/>
  <node id="144371473" lat="42.8692516" lon="-8.5484803"/>
  <node id="144371502" lat="42.8692488" lon="-8.5483619"/>
  <node id="144371511" lat="42.8693826" lon="-8.5483447">
    <tag k="button_operated" v="no"/>
    <tag k="check_date:crossing" v="2023-01-27"/>
    <tag k="crossing" v="traffic_signals"/>
    <tag k="crossing:markings" v="zebra"/>
    <tag k="highway" v="crossing"/>
    <tag k="tactile_paving" v="yes"/>
    <tag k="traffic_signals:sound" v="no"/>
    <tag k="traffic_signals:vibration" v="no"/>
  </node>
  <node id="144420478" lat="42.8698979" lon="-8.5477749"/>
  <node id="171464736" lat="42.8694188" lon="-8.5508575"/>
  <node id="187208185" lat="42.8755323" lon="-8.5497975"/>
  <node id="283126070" lat="42.8700644" lon="-8.5473815"/>
  <node id="283126075" lat="42.8737914" lon="-8.5501499"/>
  <node id="283126079" lat="42.8727732" lon="-8.5482476"/>
  <node id="283126094" lat="42.8754596" lon="-8.5476663"/>
  <node id="283126100" lat="42.8757111" lon="-8.5488505"/>
  <node id="283126109" lat="42.8762891" lon="-8.5440259"/>
  <node id="283126111" lat="42.8707624" lon="-8.5459424"/>
  <node id="283129881" lat="42.8739292" lon="-8.5434635">
    <tag k="crossing" v="uncontrolled"/>
    <tag k="crossing:island" v="no"/>
    <tag k="crossing:markings" v="zebra"/>
    <tag k="highway" v="crossing"/>
    <tag k="tactile_paving" v="yes"/>
  </node>
  <node id="283129883" lat="42.8735380" lon="-8.5436109">
    <tag k="crossing" v="uncontrolled"/>
    <tag k="crossing:island" v="no"/>
    <tag k="crossing:markings" v="zebra"/>
    <tag k="highway" v="crossing"/>
    <tag k="tactile_paving" v="incorrect"/>
  </node>
  <node id="283129910" lat="42.8744376" lon="-8.5428884"/>
  <node id="283129916" lat="42.8760176" lon="-8.5432246"/>
  <node id="283129920" lat="42.8764830" lon="-8.5423979"/>
  <node id="283129925" lat="42.8770772" lon="-8.5437055"/>
  <node id="285960031" lat="42.8720356" lon="-8.5469055"/>
  <node id="355368833" lat="42.8768318" lon="-8.5451585"/>
  <node id="355369440" lat="42.8773992" lon="-8.5429634">
    <tag k="crossing" v="uncontrolled"/>
    <tag k="crossing:island" v="no"/>
    <tag k="crossing:markings" v="zebra"/>
    <tag k="highway" v="crossing"/>
    <tag k="tactile_paving" v="no"/>
  </node>
  <node id="442594634" lat="42.8758164" lon="-8.5539023"/>
  <node id="442594635" lat="42.8757915" lon="-8.5541106"/>
  <node id="470223800" lat="42.8752472" lon="-8.5494447"/>
  <node id="470334102" lat="42.8696358" lon="-8.5482344"/>
  <node id="470336379" lat="42.8728331" lon="-8.5519698"/>
  <node id="535294434" lat="42.8744658" lon="-8.5490085">
    <tag k="button_operated" v="no"/>
    <tag k="crossing" v="traffic_signals"/>
    <tag k="crossing:markings" v="zebra"/>
    <tag k="highway" v="crossing"/>
    <tag k="tactile_paving" v="no"/>
    <tag k="traffic_signals:sound" v="no"/>
  </node>
  <node id="665416796" lat="42.8698977" lon="-8.5488205">
    <tag k="button_operated" v="no"/>
    <tag k="crossing" v="traffic_signals"/>
    <tag k="crossing:markings" v="zebra"/>
    <tag k="highway" v="crossing"/>
    <tag k="tactile_paving" v="yes"/>
    <tag k="traffic_signals:sound" v="no"/>
    <tag k="traffic_signals:vibration" v="no"/>
  </node>
  <node id="665416798" lat="42.8698486" lon="-8.5490773"/>
  <node id="665416801" lat="42.8698508" lon="-8.5487676">
    <tag k="highway" v="give_way"/>
  </node>
  <node id="665416802" lat="42.8697605" lon="-8.5486617"/>
  <node id="665416811" lat="42.8696720" lon="-8.5481349"/>
  <node id="665429043" lat="42.8734848" lon="-8.5487202"/>
  <node id="665429049" lat="42.8743722" lon="-8.5496841"/>
  <node id="665429058" lat="42.8743710" lon="-8.5493665"/>
  <node id="665429059" lat="42.8743604" lon="-8.5495453"/>
  <node id="670738095" lat="42.8733735" lon="-8.5464699">
    <tag k="button_operated" v="yes"/>
    <tag k="crossing" v="traffic_signals"/>
    <tag k="highway" v="crossing"/>
    <tag k="kerb" v="lowered"/>
    <tag k="tactile_paving" v="no"/>
    <tag k="traffic_signals:sound" v="yes"/>
    <tag k="traffic_signals:vibration" v="no"/>
  </node>
  <node id="670738100" lat="42.8732286" lon="-8.5462623"/>
  <node id="764235129" lat="42.8696802" lon="-8.5501144"/>
  <node id="764235202" lat="42.8696082" lon="-8.5485740"/>
  <node id="764235218" lat="42.8695816" lon="-8.5482766"/>
  <node id="764235227" lat="42.8698504" lon="-8.5485528"/>
  <node id="764235253" lat="42.8697799" lon="-8.5482957"/>
  <node id="764235269" lat="42.8705380" lon="-8.5497369">
    <tag k="crossing" v="traffic_signals"/>
    <tag k="crossing:island" v="no"/>
    <tag k="crossing:markings" v="zebra"/>
    <tag k="highway" v="crossing"/>
    <tag k="tactile_paving" v="incorrect"/>
  </node>
  <node id="764235279" lat="42.8703977" lon="-8.5492800"/>
  <node id="764235285" lat="42.8706024" lon="-8.5496846"/>
  <node id="764235700" lat="42.8751675" lon="-8.5498516"/>
  <node id="764235704" lat="42.8753207" lon="-8.5490137"/>
  <node id="764235713" lat="42.8744990" lon="-8.5475306"/>
  <node id="764236390" lat="42.8732659" lon="-8.5465363">
    <tag k="bicycle" v="no"/>
    <tag k="button_operated" v="yes"/>
    <tag k="crossing" v="traffic_signals"/>
    <tag k="highway" v="crossing"/>
    <tag k="kerb" v="lowered"/>
    <tag k="tactile_paving" v="no"/>
    <tag k="traffic_signals:sound" v="yes"/>
    <tag k="traffic_signals:vibration" v="no"/>
  </node>
  <node id="764236405" lat="42.8732911" lon="-8.5459774"/>
  <node id="764236411" lat="42.8732779" lon="-8.5464150"/>
  <node id="764236415" lat="42.8733819" lon="-8.5458062"/>
  <node id="764236431" lat="42.8737293" lon="-8.5447654"/>
  <node id="764236461" lat="42.8739247" lon="-8.5433488"/>
  <node id="764236537" lat="42.8734817" lon="-8.5415727"/>
  <node id="764236773" lat="42.8765165" lon="-8.5422931"/>
  <node id="764903142" lat="42.8711748" lon="-8.5482721"/>
  <node id="764903410" lat="42.8698051" lon="-8.5480657"/>
  <node id="764903625" lat="42.8698037" lon="-8.5483560"/>
  <node id="764903730" lat="42.8761417" lon="-8.5445316"/>
  <node id="764904049" lat="42.8696536" lon="-8.5485953"/>
  <node id="764904167" lat="42.8697824" lon="-8.5479184"/>
  <node id="764904677" lat="42.8694973" lon="-8.5531202">
    <tag k="crossing" v="uncontrolled"/>
    <tag k="crossing:markings" v="zebra"/>
    <tag k="highway" v="crossing"/>
    <tag k="tactile_paving" v="yes"/>
  </node>
  <node id="764904805" lat="42.8744403" lon="-8.5497930"/>
  <node id="764904870" lat="42.8713557" lon="-8.5520572"/>
  <node id="764905271" lat="42.8695710" lon="-8.5485325"/>
  <node id="764905364" lat="42.8731218" lon="-8.5535471"/>
  <node id="764909601" lat="42.8697608" lon="-8.5497248"/>
  <node id="764910412" lat="42.8768221" lon="-8.5441690"/>
  <node id="764910433" lat="42.8720723" lon="-8.5470250"/>
  <node id="764911107" lat="42.8698220" lon="-8.5479880"/>
  <node id="764912089" lat="42.8738648" lon="-8.5524491"/>
  <node id="764912557" lat="42.8731664" lon="-8.5533667"/>
  <node id="764912699" lat="42.8759293" lon="-8.5520965"/>
  <node id="764912881" lat="42.8713879" lon="-8.5508592"/>
  <node id="764912994" lat="42.8732419" lon="-8.5539602"/>
  <node id="764913097" lat="42.8710525" lon="-8.5521148"/>
  <node id="764913112" lat="42.8733360" lon="-8.5464887"/>
  <node id="764913172" lat="42.8698828" lon="-8.5486185"/>
  <node id="764913655" lat="42.8722747" lon="-8.5515875"/>
  <node id="764914378" lat="42.8739477" lon="-8.5518712"/>
  <node id="764914507" lat="42.8741210" lon="-8.5491427"/>
  <node id="764914654" lat="42.8705865" lon="-8.5522601"/>
  <node id="764914940" lat="42.8730051" lon="-8.5534821"/>
  <node id="764915232" lat="42.8744029" lon="-8.5509537"/>
  <node id="764915293" lat="42.8760170" lon="-8.5509567"/>
  <node id="764915616" lat="42.8736370" lon="-8.5523728"/>
  <node id="764915631" lat="42.8730540" lon="-8.5473153"/>
  <node id="764915870" lat="42.8731833" lon="-8.5538507"/>
  <node id="764915941" lat="42.8731795" lon="-8.5534245"/>
  <node id="764916049" lat="42.8737562" lon="-8.5523011"/>
  <node id="764916318" lat="42.8768206" lon="-8.5467051"/>
  <node id="764916860" lat="42.8764829" lon="-8.5523633"/>
  <node id="764917051" lat="42.8702457" lon="-8.5491648"/>
  <node id="764917324" lat="42.8699252" lon="-8.5538717"/>
  <node id="764917388" lat="42.8731054" lon="-8.5535536"/>
  <node id="764917591" lat="42.8732178" lon="-8.5462109"/>
  <node id="764917640" lat="42.8694374" lon="-8.5531667"/>
  <node id="764918243" lat="42.8731778" lon="-8.5534068"/>
  <node id="764918387" lat="42.8736734" lon="-8.5523648"/>
  <node id="764919953" lat="42.8740624" lon="-8.5447351"/>
  <node id="764929840" lat="42.8705728" lon="-8.5460820"/>
  <node id="764930384" lat="42.8707320" lon="-8.5458701"/>
  <node id="764932469" lat="42.8715061" lon="-8.5500784"/>
  <node id="764932495" lat="42.8733416" lon="-8.5458518"/>
  <node id="764932867" lat="42.8768981" lon="-8.5441741"/>
  <node id="764933087" lat="42.8739456" lon="-8.5447564"/>
  <node id="764934846" lat="42.8708712" lon="-8.5457145"/>
  <node id="764937237" lat="42.8768523" lon="-8.5459243"/>
  <node id="764937995" lat="42.8745571" lon="-8.5453982"/>
  <node id="764938736" lat="42.8698098" lon="-8.5484239"/>
  <node id="764938834" lat="42.8757257" lon="-8.5440341"/>
  <node id="764939612" lat="42.8768191" lon="-8.5446660">
    <tag k="crossing" v="traffic_signals"/>
    <tag k="crossing:markings" v="zebra"/>
    <tag k="highway" v="crossing"/>
  </node>
  <node id="764939814" lat="42.8725991" lon="-8.5466607"/>
  <node id="764940956" lat="42.8733470" lon="-8.5463042"/>
  <node id="764941562" lat="42.8734607" lon="-8.5457493">
    <tag k="highway" v="traffic_signals"/>
  </node>
  <node id="764941996" lat="42.8733905" lon="-8.5413232"/>
  <node id="766296602" lat="42.8697416" lon="-8.5536533"/>
  <node id="766296752" lat="42.8730035" lon="-8.5533856"/>
  <node id="766296758" lat="42.8729983" lon="-8.5534111"/>
  <node id="766296760" lat="42.8730762" lon="-8.5533078"/>
  <node id="766296771" lat="42.8731765" lon="-8.5534636"/>
  <node id="766296781" lat="42.8731252" lon="-8.5533173"/>
  <node id="766296788" lat="42.8731821" lon="-8.5536714"/>
  <node id="766296790" lat="42.8730979" lon="-8.5534199"/>
  <node id="766296829" lat="42.8701119" lon="-8.5525421"/>
  <node id="766296865" lat="42.8698051" lon="-8.5491695"/>
  <node id="766296915" lat="42.8697999" lon="-8.5484825"/>
  <node id="766296926" lat="42.8699486" lon="-8.5487262">
    <tag k="button_operated" v="no"/>
    <tag k="crossing" v="traffic_signals"/>
    <tag k="crossing:markings" v="zebra"/>
    <tag k="highway" v="crossing"/>
    <tag k="tactile_paving" v="yes"/>
    <tag k="traffic_signals:sound" v="no"/>
    <tag k="traffic_signals:vibration" v="no"/>
  </node>
  <node id="766296978" lat="42.8706489" lon="-8.5494500">
    <tag k="crossing" v="traffic_signals"/>
    <tag k="highway" v="crossing"/>
    <tag k="tactile_paving" v="yes"/>
  </node>
  <node id="766296983" lat="42.8708678" lon="-8.5496041">
    <tag k="bus" v="yes"/>
    <tag k="name" v="Santiago de Chile nº 31"/>
    <tag k="network" v="ES:C:Tussa"/>
    <tag k="operator" v="Tussa"/>
    <tag k="passenger_information_display" v="no"/>
    <tag k="public_transport" v="stop_position"/>
    <tag k="ref" v="590"/>
    <tag k="wheelchair" v="yes"/>
  </node>
  <node id="766296988" lat="42.8700413" lon="-8.5490139"/>
  <node id="766296992" lat="42.8720584" lon="-8.5518114"/>
  <node id="766297021" lat="42.8719980" lon="-8.5504484"/>
  <node id="766297028" lat="42.8715903" lon="-8.5512982">
    <tag k="button_operated" v="no"/>
    <tag k="crossing" v="traffic_signals"/>
    <tag k="crossing:markings" v="zebra"/>
    <tag k="highway" v="crossing"/>
    <tag k="tactile_paving" v="yes"/>
    <tag k="traffic_signals:sound" v="yes"/>
    <tag k="traffic_signals:vibration" v="no"/>
  </node>
  <node id="766297036" lat="42.8730742" lon="-8.5520470"/>
  <node id="766297037" lat="42.8737976" lon="-8.5524312"/>
  <node id="766297039" lat="42.8737587" lon="-8.5523538"/>
  <node id="766297047" lat="42.8737711" lon="-8.5524009"/>
  <node id="766297054" lat="42.8738275" lon="-8.5524416">
    <tag k="highway" v="give_way"/>
  </node>
  <node id="766297064" lat="42.8736674" lon="-8.5516656"/>
  <node id="766297072" lat="42.8728617" lon="-8.5510635"/>
  <node id="766297172" lat="42.8763978" lon="-8.5536640"/>
  <node id="766297348" lat="42.8765805" lon="-8.5509210"/>
  <node id="766297945" lat="42.8711376" lon="-8.5454214"/>
  <node id="766297961" lat="42.8713046" lon="-8.5452403"/>
  <node id="766298039" lat="42.8720665" lon="-8.5447663"/>
  <node id="766298118" lat="42.8735619" lon="-8.5447663"/>
  <node id="766298206" lat="42.8730805" lon="-8.5411609"/>
  <node id="766298409" lat="42.8748941" lon="-8.5432627"/>
  <node id="766298713" lat="42.8776218" lon="-8.5424623"/>
  <node id="766298878" lat="42.8765718" lon="-8.5419780"/>
  <node id="766472599" lat="42.8699337" lon="-8.5490120">
    <tag k="button_operated" v="no"/>
    <tag k="crossing" v="traffic_signals"/>
    <tag k="crossing:markings" v="zebra"/>
    <tag k="highway" v="crossing"/>
    <tag k="tactile_paving" v="yes"/>
    <tag k="traffic_signals:sound" v="no"/>
  </node>
  <node id="766472615" lat="42.8696069" lon="-8.5482512"/>
  <node id="766472616" lat="42.8695493" lon="-8.5484846"/>
  <node id="766472622" lat="42.8695414" lon="-8.5483736"/>
  <node id="766472635" lat="42.8696753" lon="-8.5482269"/>
  <node id="766472636" lat="42.8697505" lon="-8.5482589"/>
  <node id="766472650" lat="42.8706784" lon="-8.5494710"/>
  <node id="766472651" lat="42.8707395" lon="-8.5495169">
    <tag k="crossing" v="uncontrolled"/>
    <tag k="crossing:island" v="no"/>
    <tag k="crossing:markings" v="zebra"/>
    <tag k="highway" v="crossing"/>
    <tag k="tactile_paving" v="incorrect"/>
  </node>
  <node id="766472723" lat="42.8724429" lon="-8.5492517"/>
  <node id="766472728" lat="42.8726570" lon="-8.5486182"/>
  <node id="766472862" lat="42.8742469" lon="-8.5497379">
    <tag k="crossing" v="traffic_signals"/>
    <tag k="highway" v="crossing"/>
    <tag k="kerb" v="flush"/>
    <tag k="tactile_paving" v="yes"/>
  </node>
  <node id="766472869" lat="42.8744231" lon="-8.5502916"/>
  <node id="766472877" lat="42.8744029" lon="-8.5492162"/>
  <node id="766472887" lat="42.8752604" lon="-8.5488278"/>
  <node id="766473156" lat="42.8704516" lon="-8.5465771"/>
  <node id="766473193" lat="42.8713678" lon="-8.5452903"/>
  <node id="766473257" lat="42.8735020" lon="-8.5457220">
    <tag k="button_operated" v="yes"/>
    <tag k="crossing" v="traffic_signals"/>
    <tag k="highway" v="crossing"/>
  </node>
  <node id="766473264" lat="42.8735300" lon="-8.5458509"/>
  <node id="766473276" lat="42.8735308" lon="-8.5433594"/>
  <node id="766473402" lat="42.8766973" lon="-8.5464821"/>
  <node id="766473411" lat="42.8767934" lon="-8.5460407">
    <tag k="highway" v="traffic_signals"/>
  </node>
  <node id="766473416" lat="42.8743570" lon="-8.5431382"/>
  <node id="766473422" lat="42.8759536" lon="-8.5433536"/>
  <node id="766473457" lat="42.8769334" lon="-8.5460128"/>
  <node id="766498406" lat="42.8745605" lon="-8.5445536"/>
  <node id="766498425" lat="42.8762994" lon="-8.5427452"/>
  <node id="860249650" lat="42.8701939" lon="-8.5522297"/>
  <node id="860249653" lat="42.8693867" lon="-8.5511706"/>
  <node id="860249664" lat="42.8696666" lon="-8.5515172">
    <tag k="crossing" v="uncontrolled"/>
    <tag k="crossing:markings" v="zebra"/>
    <tag k="highway" v="crossing"/>
    <tag k="tactile_paving" v="yes"/>
  </node>
  <node id="860249665" lat="42.8692619" lon="-8.5511704"/>
  <node id="860249666" lat="42.8690636" lon="-8.5514470"/>
  <node id="911191529" lat="42.8696655" lon="-8.5543968"/>
  <node id="911320064" lat="42.8757034" lon="-8.5516488"/>
  <node id="911320065" lat="42.8741864" lon="-8.5520804">
    <tag k="button_operated" v="yes"/>
    <tag k="crossing" v="traffic_signals"/>
    <tag k="crossing:island" v="no"/>
    <tag k="highway" v="crossing"/>
    <tag k="tactile_paving" v="no"/>
    <tag k="traffic_signals:sound" v="yes"/>
    <tag k="traffic_signals:vibration" v="no"/>
  </node>
  <node id="911320067" lat="42.8750289" lon="-8.5526303"/>
  <node id="911320068" lat="42.8750662" lon="-8.5525166"/>
  <node id="911320069" lat="42.8751534" lon="-8.5522845">
    <tag k="crossing" v="uncontrolled"/>
    <tag k="highway" v="crossing"/>
    <tag k="source" v="Bing"/>
  </node>
  <node id="912009768" lat="42.8701249" lon="-8.5542981">
    <tag k="crossing" v="traffic_signals"/>
    <tag k="crossing:island" v="no"/>
    <tag k="crossing:markings" v="zebra"/>
    <tag k="highway" v="crossing"/>
    <tag k="tactile_paving" v="yes"/>
  </node>
  <node id="912009769" lat="42.8704184" lon="-8.5542162"/>
  <node id="912009770" lat="42.8704739" lon="-8.5541721">
    <tag k="crossing" v="traffic_signals"/>
    <tag k="crossing:island" v="no"/>
    <tag k="crossing:markings" v="zebra"/>
    <tag k="highway" v="crossing"/>
    <tag k="tactile_paving" v="yes"/>
  </node>
  <node id="912012366" lat="42.8730248" lon="-8.5533419"/>
  <node id="912012367" lat="42.8731413" lon="-8.5533298"/>
  <node id="912012368" lat="42.8731504" lon="-8.5535225"/>
  <node id="912012372" lat="42.8729972" lon="-8.5534374"/>
  <node id="912582248" lat="42.8763646" lon="-8.5541679"/>
  <node id="913996674" lat="42.8697388" lon="-8.5492408"/>
  <node id="913996676" lat="42.8697513" lon="-8.5488195"/>
  <node id="913996679" lat="42.8697774" lon="-8.5480035"/>
  <node id="913996681" lat="42.8699116" lon="-8.5476581"/>
  <node id="913996682" lat="42.8702283" lon="-8.5469120"/>
  <node id="913996683" lat="42.8704807" lon="-8.5463336"/>
  <node id="913996684" lat="42.8707016" lon="-8.5459452">
    <tag k="direction" v="230"/>
    <tag k="highway" v="speed_camera"/>
    <tag k="maxspeed" v="50"/>
  </node>
  <node id="913996685" lat="42.8711721" lon="-8.5454603"/>
  <node id="913996689" lat="42.8716361" lon="-8.5447844"/>
  <node id="913996692" lat="42.8717151" lon="-8.5445502"/>
  <node id="914045269" lat="42.8731387" lon="-8.5497059"/>
  <node id="918157630" lat="42.8759250" lon="-8.5522926"/>
  <node id="921350183" lat="42.8734996" lon="-8.5427288">
    <tag k="crossing" v="uncontrolled"/>
    <tag k="crossing:island" v="no"/>
    <tag k="crossing:markings" v="yes"/>
    <tag k="highway" v="crossing"/>
    <tag k="tactile_paving" v="yes"/>
  </node>
  <node id="922095363" lat="42.8742864" lon="-8.5519646"/>
  <node id="923510744" lat="42.8761482" lon="-8.5429912"/>
  <node id="933644879" lat="42.8758348" lon="-8.5519238">
    <tag k="crossing" v="uncontrolled"/>
    <tag k="crossing:island" v="no"/>
    <tag k="crossing:markings" v="zebra"/>
    <tag k="highway" v="crossing"/>
    <tag k="tactile_paving" v="yes"/>
    <tag k="traffic_calming" v="table"/>
  </node>
  <node id="938472009" lat="42.8684545" lon="-8.5528898">
    <tag k="crossing" v="uncontrolled"/>
    <tag k="crossing:island" v="no"/>
    <tag k="crossing:markings" v="zebra"/>
    <tag k="highway" v="crossing"/>
    <tag k="tactile_paving" v="incorrect"/>
  </node>
  <node id="938617572" lat="42.8700631" lon="-8.5523146">
    <tag k="crossing" v="uncontrolled"/>
    <tag k="crossing:island" v="no"/>
    <tag k="crossing:markings" v="zebra"/>
    <tag k="highway" v="crossing"/>
    <tag k="tactile_paving" v="yes"/>
  </node>
  <node id="940373312" lat="42.8739146" lon="-8.5524013"/>
  <node id="968960665" lat="42.8722086" lon="-8.5521387">
    <tag k="highway" v="traffic_signals"/>
  </node>
  <node id="968960673" lat="42.8719571" lon="-8.5521951">
    <tag k="highway" v="traffic_signals"/>
  </node>
  <node id="968960686" lat="42.8718140" lon="-8.5519620"/>
  <node id="968962221" lat="42.8729501" lon="-8.5532211"/>
  <node id="968962226" lat="42.8731669" lon="-8.5540212"/>
  <node id="977120291" lat="42.8757724" lon="-8.5544431"/>
  <node id="982366106" lat="42.8769490" lon="-8.5464664"/>
  <node id="982366115" lat="42.8770033" lon="-8.5463093">
    <tag k="highway" v="traffic_signals"/>
  </node>
  <node id="982366120" lat="42.8768546" lon="-8.5462449">
    <tag k="highway" v="traffic_signals"/>
    <tag k="traffic_signals" v="signal"/>
    <tag k="traffic_signals:direction" v="forward"/>
  </node>
  <node id="982366122" lat="42.8768974" lon="-8.5466385"/>
  <node id="982366126" lat="42.8769202" lon="-8.5462383"/>
  <node id="982366131" lat="42.8768554" lon="-8.5461328"/>
  <node id="982366135" lat="42.8769638" lon="-8.5463645"/>
  <node id="982366143" lat="42.8770378" lon="-8.5463147"/>
  <node id="982368331" lat="42.8770699" lon="-8.5461199"/>
  <node id="982368333" lat="42.8771217" lon="-8.5461745"/>
  <node id="993332029" lat="42.8720128" lon="-8.5521238">
    <tag k="crossing" v="traffic_signals"/>
    <tag k="crossing:island" v="no"/>
    <tag k="crossing:markings" v="zebra"/>
    <tag k="highway" v="crossing"/>
    <tag k="tactile_paving" v="yes"/>
  </node>
  <node id="993337306" lat="42.8720748" lon="-8.5520572"/>
  <node id="993337307" lat="42.8723224" lon="-8.5519484">
    <tag k="crossing" v="traffic_signals"/>
    <tag k="highway" v="traffic_signals"/>
  </node>
  <node id="993337315" lat="42.8719742" lon="-8.5519029"/>
  <node id="1001378388" lat="42.8769304" lon="-8.5466000">
    <tag k="direction" v="forward"/>
    <tag k="highway" v="give_way"/>
  </node>
  <node id="1028134809" lat="42.8691184" lon="-8.5484514"/>
  <node id="1030022305" lat="42.8693803" lon="-8.5484939">
    <tag k="button_operated" v="no"/>
    <tag k="check_date:crossing" v="2023-01-27"/>
    <tag k="crossing" v="traffic_signals"/>
    <tag k="crossing:markings" v="zebra"/>
    <tag k="highway" v="crossing"/>
    <tag k="tactile_paving" v="yes"/>
    <tag k="traffic_signals:sound" v="no"/>
    <tag k="traffic_signals:vibration" v="no"/>
  </node>
  <node id="1030022316" lat="42.8699738" lon="-8.5475937">
    <tag k="button_operated" v="no"/>
    <tag k="check_date:crossing" v="2023-01-27"/>
    <tag k="crossing" v="traffic_signals"/>
    <tag k="crossing:markings" v="zebra"/>
    <tag k="highway" v="crossing"/>
    <tag k="tactile_paving" v="yes"/>
    <tag k="traffic_signals:sound" v="no"/>
    <tag k="traffic_signals:vibration" v="no"/>
  </node>
  <node id="1030022402" lat="42.8707477" lon="-8.5493223">
    <tag k="crossing" v="uncontrolled"/>
    <tag k="crossing:markings" v="yes"/>
    <tag k="crossing:signals" v="no"/>
    <tag k="highway" v="crossing"/>
    <tag k="kerb" v="lowered"/>
    <tag k="tactile_paving" v="no"/>
  </node>
  <node id="1030022577" lat="42.8704774" lon="-8.5464207">
    <tag k="button_operated" v="no"/>
    <tag k="crossing" v="traffic_signals"/>
    <tag k="crossing:markings" v="zebra"/>
    <tag k="highway" v="crossing"/>
    <tag k="tactile_paving" v="yes"/>
    <tag k="traffic_signals:sound" v="yes"/>
    <tag k="traffic_signals:vibration" v="no"/>
  </node>
  <node id="1030022588" lat="42.8706567" lon="-8.5495275">
    <tag k="crossing" v="uncontrolled"/>
    <tag k="crossing:markings" v="yes"/>
    <tag k="crossing:signals" v="yes"/>
    <tag k="highway" v="crossing"/>
    <tag k="tactile_paving" v="yes"/>
  </node>
  <node id="1030022650" lat="42.8716284" lon="-8.5512035">
    <tag k="button_operated" v="no"/>
    <tag k="crossing" v="traffic_signals"/>
    <tag k="crossing:markings" v="zebra"/>
    <tag k="highway" v="crossing"/>
    <tag k="tactile_paving" v="yes"/>
    <tag k="traffic_signals:sound" v="yes"/>
  </node>
  <node id="1030022698" lat="42.8705746" lon="-8.5496456">
    <tag k="crossing" v="traffic_signals"/>
    <tag k="crossing:island" v="no"/>
    <tag k="crossing:markings" v="zebra"/>
    <tag k="highway" v="crossing"/>
    <tag k="tactile_paving" v="incorrect"/>
  </node>
  <node id="1030022766" lat="42.8699278" lon="-8.5475550">
    <tag k="button_operated" v="no"/>
    <tag k="crossing" v="traffic_signals"/>
    <tag k="crossing:markings" v="zebra"/>
    <tag k="highway" v="crossing"/>
    <tag k="tactile_paving" v="yes"/>
    <tag k="traffic_signals:sound" v="no"/>
    <tag k="traffic_signals:vibration" v="no"/>
  </node>
  <node id="1030022843" lat="42.8704243" lon="-8.5463762">
    <tag k="button_operated" v="no"/>
    <tag k="crossing" v="traffic_signals"/>
    <tag k="crossing:markings" v="zebra"/>
    <tag k="highway" v="crossing"/>
    <tag k="tactile_paving" v="yes"/>
    <tag k="traffic_signals:sound" v="yes"/>
    <tag k="traffic_signals:vibration" v="no"/>
  </node>
  <node id="1030045696" lat="42.8699573" lon="-8.5474817"/>
  <node id="1030045711" lat="42.8714368" lon="-8.5450606"/>
  <node id="1030045743" lat="42.8700605" lon="-8.5472307"/>
  <node id="1030060214" lat="42.8712317" lon="-8.5463026">
    <tag k="crossing" v="uncontrolled"/>
    <tag k="crossing:markings" v="zebra"/>
    <tag k="highway" v="crossing"/>
  </node>
  <node id="1030060219" lat="42.8720552" lon="-8.5469709">
    <tag k="crossing" v="uncontrolled"/>
    <tag k="crossing:markings" v="zebra"/>
    <tag k="highway" v="crossing"/>
    <tag k="kerb" v="lowered"/>
    <tag k="tactile_paving" v="no"/>
  </node>
  <node id="1030060268" lat="42.8708315" lon="-8.5459896">
    <tag k="crossing" v="uncontrolled"/>
    <tag k="crossing:markings" v="yes"/>
    <tag k="highway" v="crossing"/>
    <tag k="tactile_paving" v="yes"/>
  </node>
  <node id="1117832715" lat="42.8703574" lon="-8.5542423"/>
  <node id="1124201412" lat="42.8688885" lon="-8.5527980">
    <tag k="crossing" v="uncontrolled"/>
    <tag k="crossing:markings" v="zebra"/>
    <tag k="highway" v="crossing"/>
  </node>
  <node id="1124884826" lat="42.8735629" lon="-8.5446683">
    <tag k="button_operated" v="no"/>
    <tag k="crossing" v="traffic_signals"/>
    <tag k="crossing:island" v="no"/>
    <tag k="crossing:markings" v="zebra"/>
    <tag k="highway" v="crossing"/>
    <tag k="tactile_paving" v="no"/>
    <tag k="traffic_signals:sound" v="no"/>
  </node>
  <node id="1124884906" lat="42.8734616" lon="-8.5414345"/>
  <node id="1124885178" lat="42.8745066" lon="-8.5429421">
    <tag k="crossing" v="uncontrolled"/>
    <tag k="crossing:island" v="no"/>
    <tag k="crossing:markings" v="zebra"/>
    <tag k="highway" v="crossing"/>
    <tag k="source" v="Bing"/>
    <tag k="tactile_paving" v="yes"/>
  </node>
  <node id="1124885386" lat="42.8757031" lon="-8.5439413"/>
  <node id="1124885401" lat="42.8743582" lon="-8.5434874"/>
  <node id="1180818614" lat="42.8729093" lon="-8.5533320">
    <tag k="button_operated" v="yes"/>
    <tag k="check_date:tactile_paving" v="2023-10-16"/>
    <tag k="crossing" v="traffic_signals"/>
    <tag k="crossing:markings" v="zebra"/>
    <tag k="highway" v="crossing"/>
    <tag k="tactile_paving" v="incorrect"/>
    <tag k="traffic_signals:sound" v="no"/>
    <tag k="traffic_signals:vibration" v="no"/>
  </node>
  <node id="1183391129" lat="42.8755527" lon="-8.5498738">
    <tag k="crossing" v="traffic_signals"/>
    <tag k="highway" v="crossing"/>
    <tag k="tactile_paving" v="yes"/>
    <tag k="traffic_signals:sound" v="yes"/>
  </node>
  <node id="1183391155" lat="42.8701720" lon="-8.5474678">
    <tag k="highway" v="traffic_signals"/>
  </node>
  <node id="1183392033" lat="42.8745603" lon="-8.5452990">
    <tag k="button_operated" v="yes"/>
    <tag k="crossing" v="traffic_signals"/>
    <tag k="crossing:island" v="no"/>
    <tag k="crossing:markings" v="zebra"/>
    <tag k="highway" v="crossing"/>
    <tag k="tactile_paving" v="no"/>
  </node>
  <node id="1183392071" lat="42.8735069" lon="-8.5429584"/>
  <node id="1183392102" lat="42.8758205" lon="-8.5439919">
    <tag k="highway" v="traffic_signals"/>
  </node>
  <node id="1183392177" lat="42.8768139" lon="-8.5467302">
    <tag k="button_operated" v="no"/>
    <tag k="crossing" v="traffic_signals"/>
    <tag k="crossing:island" v="no"/>
    <tag k="crossing:markings" v="zebra"/>
    <tag k="highway" v="crossing"/>
    <tag k="tactile_paving" v="no"/>
    <tag k="traffic_signals:sound" v="yes"/>
    <tag k="traffic_signals:vibration" v="no"/>
  </node>
  <node id="1183392188" lat="42.8760810" lon="-8.5439704">
    <tag k="highway" v="traffic_signals"/>
  </node>
  <node id="1183392192" lat="42.8746052" lon="-8.5507292">
    <tag k="crossing" v="uncontrolled"/>
    <tag k="crossing:markings" v="zebra"/>
    <tag k="highway" v="crossing"/>
    <tag k="kerb" v="lowered"/>
    <tag k="tactile_paving" v="no"/>
  </node>
  <node id="1183392194" lat="42.8769287" lon="-8.5440785">
    <tag k="button_operated" v="no"/>
    <tag k="crossing" v="traffic_signals"/>
    <tag k="crossing:island" v="no"/>
    <tag k="crossing:markings" v="zebra"/>
    <tag k="highway" v="crossing"/>
    <tag k="tactile_paving" v="no"/>
  </node>
  <node id="1183392212" lat="42.8721093" lon="-8.5521558">
    <tag k="highway" v="traffic_signals"/>
  </node>
  <node id="1183392227" lat="42.8746575" lon="-8.5453524">
    <tag k="button_operated" v="yes"/>
    <tag k="crossing" v="traffic_signals"/>
    <tag k="crossing:island" v="no"/>
    <tag k="crossing:markings" v="zebra"/>
    <tag k="highway" v="crossing"/>
    <tag k="tactile_paving" v="no"/>
    <tag k="traffic_signals:sound" v="no"/>
  </node>
  <node id="1183392261" lat="42.8753611" lon="-8.5491625">
    <tag k="crossing" v="uncontrolled"/>
    <tag k="crossing:markings" v="zebra"/>
    <tag k="highway" v="crossing"/>
    <tag k="tactile_paving" v="yes"/>
  </node>
  <node id="1183392316" lat="42.8756878" lon="-8.5501352">
    <tag k="button_operated" v="no"/>
    <tag k="crossing" v="traffic_signals"/>
    <tag k="crossing:island" v="no"/>
    <tag k="crossing:markings" v="zebra"/>
    <tag k="highway" v="crossing"/>
    <tag k="tactile_paving" v="yes"/>
  </node>
  <node id="1183392327" lat="42.8718820" lon="-8.5517595">
    <tag k="crossing" v="traffic_signals"/>
    <tag k="crossing:markings" v="yes"/>
    <tag k="highway" v="crossing"/>
    <tag k="tactile_paving" v="yes"/>
  </node>
  <node id="1183392344" lat="42.8769158" lon="-8.5463116">
    <tag k="highway" v="traffic_signals"/>
  </node>
  <node id="1183392349" lat="42.8736706" lon="-8.5526788">
    <tag k="button_operated" v="yes"/>
    <tag k="crossing" v="traffic_signals"/>
    <tag k="crossing:island" v="no"/>
    <tag k="highway" v="crossing"/>
    <tag k="kerb" v="lowered"/>
    <tag k="tactile_paving" v="yes"/>
  </node>
  <node id="1183392374" lat="42.8730234" lon="-8.5531960">
    <tag k="button_operated" v="yes"/>
    <tag k="crossing" v="traffic_signals"/>
    <tag k="crossing:markings" v="zebra"/>
    <tag k="highway" v="crossing"/>
    <tag k="tactile_paving" v="yes"/>
    <tag k="traffic_signals:sound" v="no"/>
    <tag k="traffic_signals:vibration" v="no"/>
  </node>
  <node id="1183392390" lat="42.8755420" lon="-8.5501516">
    <tag k="crossing" v="traffic_signals"/>
    <tag k="highway" v="traffic_signals"/>
  </node>
  <node id="1183392394" lat="42.8753586" lon="-8.5487493"/>
  <node id="1183392400" lat="42.8751996" lon="-8.5497386"/>
  <node id="1183392435" lat="42.8760504" lon="-8.5488538">
    <tag k="highway" v="traffic_signals"/>
  </node>
  <node id="1183392468" lat="42.8756787" lon="-8.5497751">
    <tag k="crossing" v="traffic_signals"/>
    <tag k="highway" v="traffic_signals"/>
    <tag k="tactile_paving" v="incorrect"/>
  </node>
  <node id="1183392473" lat="42.8704632" lon="-8.5523146">
    <tag k="crossing" v="uncontrolled"/>
    <tag k="crossing:markings" v="zebra"/>
    <tag k="highway" v="crossing"/>
    <tag k="tactile_paving" v="yes"/>
  </node>
  <node id="1183392476" lat="42.8744958" lon="-8.5454266">
    <tag k="button_operated" v="yes"/>
    <tag k="crossing" v="traffic_signals"/>
    <tag k="crossing:island" v="no"/>
    <tag k="crossing:markings" v="zebra"/>
    <tag k="highway" v="crossing"/>
    <tag k="tactile_paving" v="no"/>
    <tag k="traffic_signals:sound" v="no"/>
  </node>
  <node id="1183392515" lat="42.8768429" lon="-8.5467453">
    <tag k="button_operated" v="no"/>
    <tag k="crossing" v="traffic_signals"/>
    <tag k="crossing:island" v="no"/>
    <tag k="crossing:markings" v="zebra"/>
    <tag k="highway" v="crossing"/>
    <tag k="tactile_paving" v="no"/>
    <tag k="traffic_signals:sound" v="yes"/>
    <tag k="traffic_signals:vibration" v="no"/>
  </node>
  <node id="1183392519" lat="42.8761864" lon="-8.5442028">
    <tag k="highway" v="traffic_signals"/>
  </node>
  <node id="1183392597" lat="42.8766244" lon="-8.5464760">
    <tag k="crossing" v="uncontrolled"/>
    <tag k="crossing:markings" v="zebra"/>
    <tag k="highway" v="crossing"/>
  </node>
  <node id="1183392622" lat="42.8719605" lon="-8.5516792">
    <tag k="crossing" v="traffic_signals"/>
    <tag k="highway" v="crossing"/>
  </node>
  <node id="1183392628" lat="42.8732279" lon="-8.5538455">
    <tag k="button_operated" v="yes"/>
    <tag k="check_date:crossing" v="2021-06-19"/>
    <tag k="crossing" v="traffic_signals"/>
    <tag k="highway" v="crossing"/>
    <tag k="tactile_paving" v="yes"/>
    <tag k="traffic_signals:sound" v="yes"/>
    <tag k="traffic_signals:vibration" v="no"/>
  </node>
  <node id="1183392634" lat="42.8752519" lon="-8.5491313">
    <tag k="crossing" v="uncontrolled"/>
    <tag k="crossing:markings" v="zebra"/>
    <tag k="highway" v="crossing"/>
    <tag k="tactile_paving" v="yes"/>
  </node>
  <node id="1183392687" lat="42.8745552" lon="-8.5454798">
    <tag k="button_operated" v="yes"/>
    <tag k="crossing" v="traffic_signals"/>
    <tag k="crossing:markings" v="zebra"/>
    <tag k="highway" v="crossing"/>
    <tag k="tactile_paving" v="no"/>
    <tag k="traffic_signals:sound" v="yes"/>
  </node>
  <node id="1183392703" lat="42.8759138" lon="-8.5438742">
    <tag k="button_operated" v="no"/>
    <tag k="crossing" v="traffic_signals"/>
    <tag k="crossing:markings" v="zebra"/>
    <tag k="highway" v="crossing"/>
    <tag k="tactile_paving" v="yes"/>
    <tag k="traffic_signals:sound" v="no"/>
    <tag k="traffic_signals:vibration" v="no"/>
  </node>
  <node id="1183392714" lat="42.8721515" lon="-8.5517090">
    <tag k="check_date:crossing" v="2021-06-19"/>
    <tag k="crossing" v="traffic_signals"/>
    <tag k="highway" v="crossing"/>
  </node>
  <node id="1183392716" lat="42.8769567" lon="-8.5461770">
    <tag k="highway" v="traffic_signals"/>
  </node>
  <node id="1197196043" lat="42.8749512" lon="-8.5526976"/>
  <node id="1197196340" lat="42.8755339" lon="-8.5518712">
    <tag k="crossing" v="uncontrolled"/>
    <tag k="crossing:island" v="no"/>
    <tag k="crossing:markings" v="yes"/>
    <tag k="highway" v="crossing"/>
  </node>
  <node id="1197196527" lat="42.8749205" lon="-8.5525838"/>
  <node id="1197196530" lat="42.8752851" lon="-8.5520912"/>
  <node id="1197196587" lat="42.8761237" lon="-8.5505096"/>
  <node id="1197196654" lat="42.8758910" lon="-8.5513258"/>
  <node id="1197196656" lat="42.8749853" lon="-8.5524928"/>
  <node id="1197196658" lat="42.8756849" lon="-8.5518641"/>
  <node id="1197196924" lat="42.8756694" lon="-8.5517056"/>
  <node id="1205871254" lat="42.8731523" lon="-8.5535344"/>
  <node id="1228588084" lat="42.8729315" lon="-8.5447517"/>
  <node id="1228588143" lat="42.8723054" lon="-8.5447422"/>
  <node id="1228588162" lat="42.8715421" lon="-8.5450838"/>
  <node id="1228594092" lat="42.8765343" lon="-8.5515752"/>
  <node id="1234021277" lat="42.8723768" lon="-8.5447425">
    <tag k="crossing" v="uncontrolled"/>
    <tag k="crossing:island" v="no"/>
    <tag k="crossing:markings" v="zebra"/>
    <tag k="highway" v="crossing"/>
  </node>
  <node id="1272118741" lat="42.8718381" lon="-8.5516093"/>
  <node id="1272118742" lat="42.8716804" lon="-8.5513731"/>
  <node id="1272118743" lat="42.8717015" lon="-8.5514036">
    <tag k="highway" v="give_way"/>
  </node>
  <node id="1272118744" lat="42.8718428" lon="-8.5516967"/>
  <node id="1272123637" lat="42.8722581" lon="-8.5519492">
    <tag k="crossing" v="traffic_signals"/>
    <tag k="highway" v="crossing"/>
  </node>
  <node id="1272127497" lat="42.8721795" lon="-8.5519709"/>
  <node id="1272130019" lat="42.8716904" lon="-8.5512969"/>
  <node id="1272130180" lat="42.8716809" lon="-8.5513196"/>
  <node id="1272141563" lat="42.8766459" lon="-8.5445475"/>
  <node id="1272141564" lat="42.8767523" lon="-8.5442537"/>
  <node id="1272141565" lat="42.8767533" lon="-8.5443159"/>
  <node id="1272141566" lat="42.8766768" lon="-8.5441758">
    <tag k="crossing" v="traffic_signals"/>
    <tag k="crossing:markings" v="zebra"/>
    <tag k="highway" v="crossing"/>
    <tag k="tactile_paving" v="no"/>
  </node>
  <node id="1272141567" lat="42.8762990" lon="-8.5440282"/>
  <node id="1272141568" lat="42.8767354" lon="-8.5444641"/>
  <node id="1272141569" lat="42.8767405" lon="-8.5442064"/>
  <node id="1272144802" lat="42.8752991" lon="-8.5488487"/>
  <node id="1272144803" lat="42.8752644" lon="-8.5487450"/>
  <node id="1272144804" lat="42.8753024" lon="-8.5489486"/>
  <node id="1272144805" lat="42.8753183" lon="-8.5488004"/>
  <node id="1272152901" lat="42.8755909" lon="-8.5500094"/>
  <node id="1272165729" lat="42.8756528" lon="-8.5498453">
    <tag k="crossing" v="traffic_signals"/>
    <tag k="crossing:island" v="no"/>
    <tag k="highway" v="crossing"/>
    <tag k="tactile_paving" v="incorrect"/>
  </node>
  <node id="1272168568" lat="42.8740455" lon="-8.5516831">
    <tag k="crossing" v="uncontrolled"/>
    <tag k="crossing:island" v="no"/>
    <tag k="crossing:markings" v="zebra"/>
    <tag k="highway" v="crossing"/>
  </node>
  <node id="1292111384" lat="42.8696103" lon="-8.5498152"/>
  <node id="1292111395" lat="42.8697275" lon="-8.5494103"/>
  <node id="1292176787" lat="42.8717594" lon="-8.5442888"/>
  <node id="1292177033" lat="42.8718837" lon="-8.5437090"/>
  <node id="1292177047" lat="42.8719829" lon="-8.5438292"/>
  <node id="1292177680" lat="42.8717769" lon="-8.5445993">
    <tag k="button_operated" v="no"/>
    <tag k="crossing" v="traffic_signals"/>
    <tag k="highway" v="crossing"/>
    <tag k="tactile_paving" v="yes"/>
    <tag k="traffic_signals:sound" v="no"/>
    <tag k="traffic_signals:vibration" v="no"/>
  </node>
  <node id="1292177893" lat="42.8720059" lon="-8.5436450"/>
  <node id="1314202645" lat="42.8712282" lon="-8.5520814"/>
  <node id="1314209543" lat="42.8725601" lon="-8.5489284"/>
  <node id="1314209556" lat="42.8731642" lon="-8.5462765"/>
  <node id="1314209574" lat="42.8733358" lon="-8.5463994"/>
  <node id="1314209577" lat="42.8734626" lon="-8.5459199"/>
  <node id="1314209581" lat="42.8734445" lon="-8.5459535"/>
  <node id="1314209602" lat="42.8735007" lon="-8.5457758"/>
  <node id="1314209607" lat="42.8732570" lon="-8.5462931"/>
  <node id="1324141838" lat="42.8719509" lon="-8.5438467"/>
  <node id="1324141844" lat="42.8715434" lon="-8.5448741"/>
  <node id="1324141856" lat="42.8697228" lon="-8.5482765"/>
  <node id="1324141861" lat="42.8715473" lon="-8.5449024"/>
  <node id="1324141870" lat="42.8700586" lon="-8.5471776">
    <tag k="direction" v="70"/>
    <tag k="highway" v="speed_camera"/>
    <tag k="maxspeed" v="50"/>
  </node>
  <node id="1324141883" lat="42.8716226" lon="-8.5447368"/>
  <node id="1324141890" lat="42.8715557" lon="-8.5449289"/>
  <node id="1324141896" lat="42.8696802" lon="-8.5481279"/>
  <node id="1324141898" lat="42.8716028" lon="-8.5449846"/>
  <node id="1324141899" lat="42.8706602" lon="-8.5459366"/>
  <node id="1324141900" lat="42.8716443" lon="-8.5449934"/>
  <node id="1324141901" lat="42.8698266" lon="-8.5477205"/>
  <node id="1324141903" lat="42.8696516" lon="-8.5484185"/>
  <node id="1324141904" lat="42.8716811" lon="-8.5449794"/>
  <node id="1324141908" lat="42.8713729" lon="-8.5451758"/>
  <node id="1324141909" lat="42.8717084" lon="-8.5449507"/>
  <node id="1324141911" lat="42.8715842" lon="-8.5449710"/>
  <node id="1324141912" lat="42.8712764" lon="-8.5452897"/>
  <node id="1324141913" lat="42.8719724" lon="-8.5434751"/>
  <node id="1324141914" lat="42.8717720" lon="-8.5449176">
    <tag k="highway" v="give_way"/>
  </node>
  <node id="1324141915" lat="42.8720454" lon="-8.5435163"/>
  <node id="1324141916" lat="42.8717309" lon="-8.5448888"/>
  <node id="1324141918" lat="42.8716232" lon="-8.5449922"/>
  <node id="1324141920" lat="42.8716695" lon="-8.5445184"/>
  <node id="1324141921" lat="42.8717323" lon="-8.5448540"/>
  <node id="1324141923" lat="42.8713311" lon="-8.5453028"/>
  <node id="1324141924" lat="42.8715853" lon="-8.5448008"/>
  <node id="1324141925" lat="42.8717149" lon="-8.5447891"/>
  <node id="1324141927" lat="42.8714940" lon="-8.5449792"/>
  <node id="1324141929" lat="42.8717035" lon="-8.5447713"/>
  <node id="1324141930" lat="42.8715682" lon="-8.5449521"/>
  <node id="1324141932" lat="42.8717268" lon="-8.5448199"/>
  <node id="1324141933" lat="42.8696763" lon="-8.5488047"/>
  <node id="1324141934" lat="42.8716957" lon="-8.5449668"/>
  <node id="1324141935" lat="42.8708355" lon="-8.5457416"/>
  <node id="1324141937" lat="42.8716651" lon="-8.5449883"/>
  <node id="1324141938" lat="42.8717227" lon="-8.5449218"/>
  <node id="1324141939" lat="42.8704924" lon="-8.5461929"/>
  <node id="1340605000" lat="42.8757835" lon="-8.5542499"/>
  <node id="1340637577" lat="42.8713150" lon="-8.5479639"/>
  <node id="1341663996" lat="42.8768587" lon="-8.5441765"/>
  <node id="1341663998" lat="42.8768243" lon="-8.5444095"/>
  <node id="1341663999" lat="42.8768674" lon="-8.5442974"/>
  <node id="1341664000" lat="42.8767752" lon="-8.5445516"/>
  <node id="1341664004" lat="42.8768045" lon="-8.5443514"/>
  <node id="1341664006" lat="42.8768577" lon="-8.5443585"/>
  <node id="1341664008" lat="42.8768161" lon="-8.5444965">
    <tag k="direction" v="forward"/>
    <tag k="highway" v="give_way"/>
  </node>
  <node id="1392852132" lat="42.8703542" lon="-8.5522328"/>
  <node id="1428415713" lat="42.8701621" lon="-8.5522722"/>
  <node id="1428415732" lat="42.8701749" lon="-8.5521364"/>
  <node id="1458202980" lat="42.8697075" lon="-8.5543873"/>
  <node id="1461755224" lat="42.8698221" lon="-8.5485820"/>
  <node id="1461755228" lat="42.8705821" lon="-8.5461250"/>
  <node id="1511662622" lat="42.8708080" lon="-8.5501432"/>
  <node id="1511662626" lat="42.8714815" lon="-8.5511271"/>
  <node id="1541344510" lat="42.8697911" lon="-8.5486972"/>
  <node id="1541347288" lat="42.8695391" lon="-8.5484299"/>
  <node id="1550045617" lat="42.8764675" lon="-8.5508191">
    <tag k="crossing" v="uncontrolled"/>
    <tag k="crossing:island" v="no"/>
    <tag k="crossing:markings" v="zebra"/>
    <tag k="highway" v="crossing"/>
    <tag k="tactile_paving" v="yes"/>
  </node>
  <node id="1550047563" lat="42.8765727" lon="-8.5510387">
    <tag k="crossing" v="uncontrolled"/>
    <tag k="crossing:markings" v="zebra"/>
    <tag k="highway" v="crossing"/>
    <tag k="tactile_paving" v="no"/>
  </node>
  <node id="1630520488" lat="42.8728086" lon="-8.5568414"/>
  <node id="1654333042" lat="42.8770628" lon="-8.5524358">
    <tag k="barrier" v="bollard"/>
    <tag k="bollard" v="foldable"/>
  </node>
  <node id="1698681785" lat="42.8697428" lon="-8.5485721">
    <tag k="highway" v="traffic_signals"/>
    <tag k="traffic_signals" v="signal"/>
  </node>
  <node id="1698681786" lat="42.8695561" lon="-8.5483209"/>
  <node id="1708977517" lat="42.8764906" lon="-8.5522505">
    <tag k="crossing" v="uncontrolled"/>
    <tag k="crossing:markings" v="zebra"/>
    <tag k="highway" v="crossing"/>
    <tag k="tactile_paving" v="no"/>
  </node>
  <node id="1735556477" lat="42.8702070" lon="-8.5541141">
    <tag k="crossing" v="uncontrolled"/>
    <tag k="crossing:markings" v="zebra"/>
    <tag k="highway" v="crossing"/>
    <tag k="tactile_paving" v="no"/>
  </node>
  <node id="1735558256" lat="42.8719011" lon="-8.5519436">
    <tag k="crossing" v="traffic_signals"/>
    <tag k="crossing:markings" v="zebra"/>
    <tag k="highway" v="crossing"/>
    <tag k="tactile_paving" v="yes"/>
  </node>
  <node id="1777201351" lat="42.8704453" lon="-8.5522223">
    <tag k="crossing" v="uncontrolled"/>
    <tag k="crossing:markings" v="zebra"/>
    <tag k="highway" v="crossing"/>
    <tag k="tactile_paving" v="yes"/>
  </node>
  <node id="1777201352" lat="42.8704896" lon="-8.5522182"/>
  <node id="1777201353" lat="42.8705058" lon="-8.5522873"/>
  <node id="1777201354" lat="42.8705148" lon="-8.5522430"/>
  <node id="1777201355" lat="42.8695496" lon="-8.5533974"/>
  <node id="1777201356" lat="42.8700989" lon="-8.5520424">
    <tag k="crossing" v="uncontrolled"/>
    <tag k="crossing:island" v="no"/>
    <tag k="crossing:markings" v="zebra"/>
    <tag k="highway" v="crossing"/>
    <tag k="tactile_paving" v="yes"/>
  </node>
  <node id="1777209287" lat="42.8694642" lon="-8.5532217">
    <tag k="crossing" v="uncontrolled"/>
    <tag k="crossing:markings" v="zebra"/>
    <tag k="highway" v="crossing"/>
    <tag k="tactile_paving" v="yes"/>
  </node>
  <node id="1890170975" lat="42.8744417" lon="-8.5498226">
    <tag k="crossing" v="uncontrolled"/>
    <tag k="crossing:island" v="no"/>
    <tag k="crossing:markings" v="zebra"/>
    <tag k="highway" v="crossing"/>
  </node>
  <node id="1890170976" lat="42.8743212" lon="-8.5496442"/>
  <node id="1890170978" lat="42.8743310" lon="-8.5493361"/>
  <node id="1890170981" lat="42.8743365" lon="-8.5494233"/>
  <node id="1890170984" lat="42.8742997" lon="-8.5492649"/>
  <node id="1890170985" lat="42.8743129" lon="-8.5496674"/>
  <node id="1890174917" lat="42.8736354" lon="-8.5516416">
    <tag k="crossing" v="uncontrolled"/>
    <tag k="crossing:markings" v="zebra"/>
    <tag k="highway" v="crossing"/>
    <tag k="tactile_paving" v="yes"/>
  </node>
  <node id="1890174920" lat="42.8735961" lon="-8.5523509">
    <tag k="button_operated" v="yes"/>
    <tag k="crossing" v="traffic_signals"/>
    <tag k="crossing:markings" v="zebra"/>
    <tag k="highway" v="crossing"/>
    <tag k="kerb" v="flush"/>
    <tag k="tactile_paving" v="yes"/>
    <tag k="traffic_calming" v="table"/>
    <tag k="traffic_signals:sound" v="no"/>
    <tag k="traffic_signals:vibration" v="no"/>
  </node>
  <node id="1890177123" lat="42.8730002" lon="-8.5534635"/>
  <node id="1954791505" lat="42.8747214" lon="-8.5514613"/>
  <node id="1954791511" lat="42.8760536" lon="-8.5504494"/>
  <node id="1954791512" lat="42.8760736" lon="-8.5504655"/>
  <node id="1954791516" lat="42.8764269" lon="-8.5532260"/>
  <node id="1954824731" lat="42.8711066" lon="-8.5470877"/>
  <node id="1954824740" lat="42.8737018" lon="-8.5450708"/>
  <node id="1954824741" lat="42.8739758" lon="-8.5499831"/>
  <node id="1954824745" lat="42.8744867" lon="-8.5483345"/>
  <node id="1976314989" lat="42.8760677" lon="-8.5488071"/>
  <node id="1976314993" lat="42.8762329" lon="-8.5483607"/>
  <node id="1981579629" lat="42.8739482" lon="-8.5445826">
    <tag k="crossing" v="uncontrolled"/>
    <tag k="crossing:markings" v="zebra"/>
    <tag k="highway" v="crossing"/>
  </node>
  <node id="1981579632" lat="42.8737336" lon="-8.5448448">
    <tag k="button_operated" v="no"/>
    <tag k="crossing" v="traffic_signals"/>
    <tag k="highway" v="crossing"/>
    <tag k="tactile_paving" v="no"/>
    <tag k="traffic_signals:sound" v="no"/>
  </node>
  <node id="1981593868" lat="42.8734852" lon="-8.5419056"/>
  <node id="1981601765" lat="42.8766173" lon="-8.5416053">
    <tag k="crossing" v="uncontrolled"/>
    <tag k="crossing:markings" v="zebra"/>
    <tag k="highway" v="crossing"/>
    <tag k="tactile_paving" v="no"/>
    <tag k="traffic_calming" v="table"/>
  </node>
  <node id="2129062146" lat="42.8727955" lon="-8.5481767">
    <tag k="crossing" v="uncontrolled"/>
    <tag k="crossing:markings" v="zebra"/>
    <tag k="highway" v="crossing"/>
    <tag k="kerb" v="lowered"/>
    <tag k="source" v="Bing"/>
    <tag k="tactile_paving" v="yes"/>
  </node>
  <node id="2129062149" lat="42.8731094" lon="-8.5463138">
    <tag k="button_operated" v="yes"/>
    <tag k="crossing" v="traffic_signals"/>
    <tag k="highway" v="crossing"/>
    <tag k="kerb" v="lowered"/>
    <tag k="source" v="Bing"/>
    <tag k="tactile_paving" v="no"/>
    <tag k="traffic_signals:sound" v="yes"/>
    <tag k="traffic_signals:vibration" v="no"/>
  </node>
  <node id="2129062152" lat="42.8728358" lon="-8.5482891">
    <tag k="crossing" v="uncontrolled"/>
    <tag k="crossing:markings" v="zebra"/>
    <tag k="highway" v="crossing"/>
    <tag k="kerb" v="lowered"/>
    <tag k="source" v="Bing"/>
    <tag k="tactile_paving" v="no"/>
  </node>
  <node id="2129062155" lat="42.8726515" lon="-8.5466251">
    <tag k="crossing" v="uncontrolled"/>
    <tag k="crossing:markings" v="zebra"/>
    <tag k="highway" v="crossing"/>
    <tag k="kerb" v="lowered"/>
    <tag k="source" v="Bing"/>
    <tag k="tactile_paving" v="no"/>
  </node>
  <node id="2129062158" lat="42.8727458" lon="-8.5483383">
    <tag k="crossing" v="uncontrolled"/>
    <tag k="crossing:markings" v="zebra"/>
    <tag k="highway" v="crossing"/>
    <tag k="kerb" v="lowered"/>
    <tag k="source" v="Bing"/>
    <tag k="tactile_paving" v="no"/>
  </node>
  <node id="2129062161" lat="42.8727097" lon="-8.5482054">
    <tag k="crossing" v="uncontrolled"/>
    <tag k="crossing:markings" v="zebra"/>
    <tag k="highway" v="crossing"/>
    <tag k="kerb" v="lowered"/>
    <tag k="source" v="Bing"/>
    <tag k="tactile_paving" v="yes"/>
  </node>
  <node id="2129062164" lat="42.8714688" lon="-8.5473724">
    <tag k="crossing" v="uncontrolled"/>
    <tag k="crossing:markings" v="zebra"/>
    <tag k="highway" v="crossing"/>
    <tag k="kerb" v="lowered"/>
    <tag k="source" v="Bing"/>
    <tag k="tactile_paving" v="no"/>
  </node>
  <node id="2129083233" lat="42.8731705" lon="-8.5534853"/>
  <node id="2129083245" lat="42.8730929" lon="-8.5533069"/>
  <node id="2129083260" lat="42.8732370" lon="-8.5532670"/>
  <node id="2130592217" lat="42.8757007" lon="-8.5556490">
    <tag k="crossing" v="uncontrolled"/>
    <tag k="crossing:markings" v="zebra"/>
    <tag k="highway" v="crossing"/>
    <tag k="tactile_paving" v="no"/>
  </node>
  <node id="2133056095" lat="42.8759171" lon="-8.5520310"/>
  <node id="2133056108" lat="42.8758819" lon="-8.5519686"/>
  <node id="2133154329" lat="42.8754778" lon="-8.5475791">
    <tag k="crossing" v="uncontrolled"/>
    <tag k="crossing:markings" v="zebra"/>
    <tag k="highway" v="crossing"/>
    <tag k="kerb" v="lowered"/>
    <tag k="source" v="Bing"/>
    <tag k="tactile_paving" v="yes"/>
  </node>
  <node id="2133154366" lat="42.8754213" lon="-8.5476608">
    <tag k="crossing" v="uncontrolled"/>
    <tag k="crossing:markings" v="zebra"/>
    <tag k="highway" v="crossing"/>
    <tag k="kerb" v="lowered"/>
    <tag k="source" v="Bing"/>
    <tag k="tactile_paving" v="yes"/>
  </node>
  <node id="2189008819" lat="42.8691447" lon="-8.5483419"/>
  <node id="2203916490" lat="42.8737885" lon="-8.5517528"/>
  <node id="2396254362" lat="42.8717370" lon="-8.5519781">
    <tag k="crossing" v="uncontrolled"/>
    <tag k="crossing:island" v="no"/>
    <tag k="crossing:markings" v="zebra"/>
    <tag k="highway" v="crossing"/>
    <tag k="tactile_paving" v="yes"/>
  </node>
  <node id="2445868994" lat="42.8701714" lon="-8.5469714"/>
  <node id="2445869000" lat="42.8705769" lon="-8.5462121"/>
  <node id="2445869008" lat="42.8715786" lon="-8.5449070"/>
  <node id="2445869009" lat="42.8716813" lon="-8.5445605">
    <tag k="button_operated" v="no"/>
    <tag k="crossing" v="traffic_signals"/>
    <tag k="highway" v="crossing"/>
    <tag k="tactile_paving" v="yes"/>
    <tag k="traffic_signals:sound" v="no"/>
    <tag k="traffic_signals:vibration" v="no"/>
  </node>
  <node id="2445869010" lat="42.8717752" lon="-8.5442136"/>
  <node id="2445869011" lat="42.8717996" lon="-8.5448061"/>
  <node id="2689995075" lat="42.8754632" lon="-8.5519366"/>
  <node id="3027929356" lat="42.8770705" lon="-8.5437215"/>
  <node id="3110953227" lat="42.8761331" lon="-8.5439803">
    <tag k="button_operated" v="yes"/>
    <tag k="crossing" v="traffic_signals"/>
    <tag k="crossing:markings" v="zebra"/>
    <tag k="highway" v="crossing"/>
    <tag k="tactile_paving" v="no"/>
    <tag k="traffic_signals:arrow" v="no"/>
    <tag k="traffic_signals:sound" v="yes"/>
    <tag k="traffic_signals:vibration" v="no"/>
  </node>
  <node id="3110953228" lat="42.8762098" lon="-8.5440948">
    <tag k="button_operated" v="no"/>
    <tag k="crossing" v="traffic_signals"/>
    <tag k="crossing:markings" v="zebra"/>
    <tag k="highway" v="crossing"/>
    <tag k="tactile_paving" v="yes"/>
  </node>
  <node id="3110953929" lat="42.8762523" lon="-8.5445351">
    <tag k="button_operated" v="no"/>
    <tag k="crossing" v="traffic_signals"/>
    <tag k="crossing:markings" v="zebra"/>
    <tag k="highway" v="crossing"/>
    <tag k="tactile_paving" v="no"/>
    <tag k="traffic_signals:sound" v="no"/>
    <tag k="traffic_signals:vibration" v="no"/>
  </node>
  <node id="3110953930" lat="42.8763441" lon="-8.5445380"/>
  <node id="3110953935" lat="42.8764952" lon="-8.5445428"/>
  <node id="3110954029" lat="42.8766140" lon="-8.5445465">
    <tag k="button_operated" v="no"/>
    <tag k="crossing" v="traffic_signals"/>
    <tag k="crossing:markings" v="zebra"/>
    <tag k="highway" v="crossing"/>
    <tag k="tactile_paving" v="no"/>
    <tag k="traffic_signals:sound" v="no"/>
    <tag k="traffic_signals:vibration" v="no"/>
  </node>
  <node id="3110954031" lat="42.8766819" lon="-8.5441289">
    <tag k="crossing" v="traffic_signals"/>
    <tag k="crossing:markings" v="zebra"/>
    <tag k="highway" v="crossing"/>
    <tag k="tactile_paving" v="no"/>
  </node>
  <node id="3110954032" lat="42.8767077" lon="-8.5445170"/>
  <node id="3318475276" lat="42.8715437" lon="-8.5448502"/>
  <node id="3318475277" lat="42.8715472" lon="-8.5448267"/>
  <node id="3318475278" lat="42.8715539" lon="-8.5448045"/>
  <node id="3318475279" lat="42.8715634" lon="-8.5447844"/>
  <node id="3318475280" lat="42.8715755" lon="-8.5447671"/>
  <node id="3318475281" lat="42.8715897" lon="-8.5447531"/>
  <node id="3318475282" lat="42.8716056" lon="-8.5447429"/>
  <node id="3318475283" lat="42.8716445" lon="-8.5447355"/>
  <node id="3318475284" lat="42.8716661" lon="-8.5447410"/>
  <node id="3318475285" lat="42.8716861" lon="-8.5447532"/>
  <node id="3670648306" lat="42.8698203" lon="-8.5487319"/>
  <node id="3719435689" lat="42.8744344" lon="-8.5497621"/>
  <node id="3719435690" lat="42.8744179" lon="-8.5497227"/>
  <node id="3719435691" lat="42.8743326" lon="-8.5495395"/>
  <node id="3719456515" lat="42.8749104" lon="-8.5526441"/>
  <node id="3719961550" lat="42.8770713" lon="-8.5463737"/>
  <node id="3738400288" lat="42.8691552" lon="-8.5527283"/>
  <node id="3738400295" lat="42.8690659" lon="-8.5527613"/>
  <node id="3738433907" lat="42.8736396" lon="-8.5500466"/>
  <node id="3738440297" lat="42.8701902" lon="-8.5521726"/>
  <node id="3756255869" lat="42.8731924" lon="-8.5533606">
    <tag k="direction" v="forward"/>
    <tag k="highway" v="give_way"/>
  </node>
  <node id="3756356955" lat="42.8749001" lon="-8.5512279"/>
  <node id="3756356961" lat="42.8749955" lon="-8.5510789"/>
  <node id="3756356973" lat="42.8760123" lon="-8.5504136"/>
  <node id="3771229731" lat="42.8736499" lon="-8.5447703">
    <tag k="button_operated" v="no"/>
    <tag k="crossing" v="traffic_signals"/>
    <tag k="crossing:island" v="no"/>
    <tag k="highway" v="crossing"/>
    <tag k="tactile_paving" v="no"/>
    <tag k="traffic_signals:sound" v="yes"/>
  </node>
  <node id="3960353735" lat="42.8752776" lon="-8.5486273"/>
  <node id="4038863465" lat="42.8768523" lon="-8.5465505"/>
  <node id="4041728587" lat="42.8704158" lon="-8.5495589"/>
  <node id="4041728825" lat="42.8708715" lon="-8.5500874"/>
  <node id="4041728862" lat="42.8713191" lon="-8.5508899"/>
  <node id="4041728875" lat="42.8715140" lon="-8.5511782"/>
  <node id="4041728907" lat="42.8717283" lon="-8.5511924">
    <tag k="crossing" v="traffic_signals"/>
    <tag k="highway" v="crossing"/>
    <tag k="tactile_paving" v="yes"/>
  </node>
  <node id="4087214157" lat="42.8769841" lon="-8.5512766"/>
  <node id="4087214158" lat="42.8771328" lon="-8.5514053"/>
  <node id="4088637026" lat="42.8768444" lon="-8.5442227"/>
  <node id="4094435349" lat="42.8764418" lon="-8.5530075"/>
  <node id="4162222921" lat="42.8733568" lon="-8.5464509"/>
  <node id="4162222928" lat="42.8705273" lon="-8.5466323">
    <tag k="button_operated" v="no"/>
    <tag k="crossing" v="traffic_signals"/>
    <tag k="crossing:markings" v="yes"/>
    <tag k="highway" v="crossing"/>
    <tag k="tactile_paving" v="yes"/>
    <tag k="traffic_signals:sound" v="no"/>
  </node>
  <node id="4162222929" lat="42.8701403" lon="-8.5474424">
    <tag k="crossing" v="traffic_signals"/>
    <tag k="crossing:markings" v="zebra"/>
    <tag k="highway" v="crossing"/>
    <tag k="tactile_paving" v="yes"/>
  </node>
  <node id="4162222930" lat="42.8711324" lon="-8.5483764">
    <tag k="crossing" v="uncontrolled"/>
    <tag k="crossing:markings" v="zebra"/>
    <tag k="highway" v="crossing"/>
    <tag k="tactile_paving" v="no"/>
  </node>
  <node id="4162222931" lat="42.8712288" lon="-8.5483154">
    <tag k="crossing" v="uncontrolled"/>
    <tag k="crossing:markings" v="zebra"/>
    <tag k="highway" v="crossing"/>
    <tag k="tactile_paving" v="no"/>
  </node>
  <node id="4162222932" lat="42.8711207" lon="-8.5482287">
    <tag k="crossing" v="uncontrolled"/>
    <tag k="crossing:markings" v="zebra"/>
    <tag k="highway" v="crossing"/>
    <tag k="tactile_paving" v="no"/>
  </node>
  <node id="4162222933" lat="42.8712096" lon="-8.5481958">
    <tag k="crossing" v="uncontrolled"/>
    <tag k="crossing:markings" v="zebra"/>
    <tag k="highway" v="crossing"/>
    <tag k="tactile_paving" v="no"/>
  </node>
  <node id="4162222934" lat="42.8716182" lon="-8.5473477"/>
  <node id="4162222935" lat="42.8716859" lon="-8.5472996">
    <tag k="crossing" v="uncontrolled"/>
    <tag k="crossing:markings" v="zebra"/>
    <tag k="highway" v="crossing"/>
    <tag k="kerb" v="lowered"/>
    <tag k="tactile_paving" v="no"/>
  </node>
  <node id="4162222936" lat="42.8716928" lon="-8.5475300">
    <tag k="crossing" v="uncontrolled"/>
    <tag k="crossing:markings" v="zebra"/>
    <tag k="highway" v="crossing"/>
    <tag k="kerb" v="lowered"/>
    <tag k="tactile_paving" v="no"/>
  </node>
  <node id="4162222937" lat="42.8714893" lon="-8.5475521">
    <tag k="crossing" v="uncontrolled"/>
    <tag k="crossing:markings" v="zebra"/>
    <tag k="highway" v="crossing"/>
    <tag k="kerb" v="lowered"/>
    <tag k="tactile_paving" v="no"/>
  </node>
  <node id="4162222938" lat="42.8719975" lon="-8.5470781">
    <tag k="crossing" v="uncontrolled"/>
    <tag k="crossing:markings" v="zebra"/>
    <tag k="highway" v="crossing"/>
    <tag k="kerb" v="lowered"/>
    <tag k="tactile_paving" v="no"/>
  </node>
  <node id="4162222939" lat="42.8718634" lon="-8.5467764">
    <tag k="crossing" v="uncontrolled"/>
    <tag k="crossing:markings" v="zebra"/>
    <tag k="highway" v="crossing"/>
  </node>
  <node id="4162222940" lat="42.8742454" lon="-8.5492232">
    <tag k="crossing" v="traffic_signals"/>
    <tag k="crossing:markings" v="zebra"/>
    <tag k="highway" v="crossing"/>
    <tag k="kerb" v="flush"/>
    <tag k="tactile_paving" v="no"/>
  </node>
  <node id="4162222941" lat="42.8752883" lon="-8.5485463">
    <tag k="crossing" v="uncontrolled"/>
    <tag k="crossing:markings" v="zebra"/>
    <tag k="highway" v="crossing"/>
    <tag k="tactile_paving" v="yes"/>
  </node>
  <node id="4162222942" lat="42.8752823" lon="-8.5485871"/>
  <node id="4162222943" lat="42.8752555" lon="-8.5490724"/>
  <node id="4162222944" lat="42.8753376" lon="-8.5490724"/>
  <node id="4162222945" lat="42.8752655" lon="-8.5490321"/>
  <node id="4162222946" lat="42.8752858" lon="-8.5490162"/>
  <node id="4162222947" lat="42.8752953" lon="-8.5488975">
    <tag k="crossing" v="uncontrolled"/>
    <tag k="crossing:markings" v="zebra"/>
    <tag k="highway" v="crossing"/>
    <tag k="tactile_paving" v="yes"/>
  </node>
  <node id="4162222948" lat="42.8759464" lon="-8.5489720">
    <tag k="crossing" v="traffic_signals"/>
    <tag k="crossing:markings" v="zebra"/>
    <tag k="highway" v="crossing"/>
  </node>
  <node id="4162222949" lat="42.8759677" lon="-8.5490495">
    <tag k="crossing" v="traffic_signals"/>
    <tag k="crossing:island" v="no"/>
    <tag k="crossing:markings" v="zebra"/>
    <tag k="highway" v="crossing"/>
    <tag k="tactile_paving" v="incorrect"/>
  </node>
  <node id="4162222950" lat="42.8745771" lon="-8.5446477">
    <tag k="crossing" v="uncontrolled"/>
    <tag k="crossing:markings" v="zebra"/>
    <tag k="highway" v="crossing"/>
    <tag k="tactile_paving" v="no"/>
  </node>
  <node id="4162222951" lat="42.8746448" lon="-8.5445160">
    <tag k="crossing" v="uncontrolled"/>
    <tag k="crossing:markings" v="zebra"/>
    <tag k="highway" v="crossing"/>
    <tag k="tactile_paving" v="no"/>
  </node>
  <node id="4162222952" lat="42.8744681" lon="-8.5445892">
    <tag k="crossing" v="uncontrolled"/>
    <tag k="crossing:markings" v="zebra"/>
    <tag k="highway" v="crossing"/>
    <tag k="tactile_paving" v="no"/>
  </node>
  <node id="4162222953" lat="42.8745301" lon="-8.5443827">
    <tag k="crossing" v="uncontrolled"/>
    <tag k="crossing:markings" v="zebra"/>
    <tag k="highway" v="crossing"/>
    <tag k="tactile_paving" v="no"/>
  </node>
  <node id="4167684335" lat="42.8731744" lon="-8.5533896"/>
  <node id="4226401990" lat="42.8697146" lon="-8.5482353"/>
  <node id="4226401991" lat="42.8697767" lon="-8.5485337"/>
  <node id="4234704227" lat="42.8734466" lon="-8.5522654"/>
  <node id="4236712742" lat="42.8727770" lon="-8.5510028">
    <tag k="crossing" v="uncontrolled"/>
    <tag k="crossing:markings" v="zebra"/>
    <tag k="highway" v="crossing"/>
    <tag k="kerb" v="lowered"/>
    <tag k="tactile_paving" v="no"/>
  </node>
  <node id="4236712743" lat="42.8720304" lon="-8.5503613">
    <tag k="crossing" v="uncontrolled"/>
    <tag k="crossing:island" v="no"/>
    <tag k="crossing:markings" v="zebra"/>
    <tag k="highway" v="crossing"/>
    <tag k="kerb" v="flush"/>
    <tag k="tactile_paving" v="yes"/>
  </node>
  <node id="4236712745" lat="42.8724237" lon="-8.5493033">
    <tag k="crossing" v="uncontrolled"/>
    <tag k="crossing:markings" v="zebra"/>
    <tag k="highway" v="crossing"/>
    <tag k="tactile_paving" v="no"/>
  </node>
  <node id="4236712747" lat="42.8724784" lon="-8.5492749">
    <tag k="crossing" v="uncontrolled"/>
    <tag k="crossing:markings" v="zebra"/>
    <tag k="highway" v="crossing"/>
    <tag k="tactile_paving" v="no"/>
  </node>
  <node id="4236712751" lat="42.8724596" lon="-8.5492057">
    <tag k="crossing" v="uncontrolled"/>
    <tag k="crossing:markings" v="zebra"/>
    <tag k="highway" v="crossing"/>
    <tag k="tactile_paving" v="no"/>
  </node>
  <node id="4236712753" lat="42.8719706" lon="-8.5505240">
    <tag k="crossing" v="uncontrolled"/>
    <tag k="highway" v="crossing"/>
    <tag k="tactile_paving" v="yes"/>
  </node>
  <node id="4236712754" lat="42.8720622" lon="-8.5504941">
    <tag k="crossing:markings" v="zebra"/>
    <tag k="crossing:signals" v="no"/>
    <tag k="highway" v="crossing"/>
    <tag k="kerb" v="flush"/>
    <tag k="tactile_paving" v="yes"/>
  </node>
  <node id="4236712755" lat="42.8729337" lon="-8.5511168">
    <tag k="crossing" v="uncontrolled"/>
    <tag k="crossing:markings" v="zebra"/>
    <tag k="highway" v="crossing"/>
    <tag k="kerb" v="flush"/>
    <tag k="tactile_paving" v="no"/>
  </node>
  <node id="4236712756" lat="42.8729226" lon="-8.5510028">
    <tag k="crossing" v="uncontrolled"/>
    <tag k="crossing:markings" v="zebra"/>
    <tag k="highway" v="crossing"/>
    <tag k="tactile_paving" v="no"/>
  </node>
  <node id="4236712759" lat="42.8723807" lon="-8.5492038">
    <tag k="crossing" v="uncontrolled"/>
    <tag k="crossing:markings" v="zebra"/>
    <tag k="highway" v="crossing"/>
    <tag k="tactile_paving" v="no"/>
  </node>
  <node id="4236712760" lat="42.8719348" lon="-8.5503994">
    <tag k="crossing:markings" v="zebra"/>
    <tag k="crossing:signals" v="no"/>
    <tag k="highway" v="crossing"/>
    <tag k="kerb" v="flush"/>
    <tag k="tactile_paving" v="yes"/>
  </node>
  <node id="4236712761" lat="42.8728029" lon="-8.5511217">
    <tag k="crossing" v="uncontrolled"/>
    <tag k="crossing:markings" v="zebra"/>
    <tag k="highway" v="crossing"/>
    <tag k="kerb" v="flush"/>
    <tag k="tactile_paving" v="no"/>
  </node>
  <node id="4284468663" lat="42.8737236" lon="-8.5501038">
    <tag k="crossing" v="uncontrolled"/>
    <tag k="crossing:markings" v="zebra"/>
    <tag k="highway" v="crossing"/>
    <tag k="kerb" v="flush"/>
    <tag k="tactile_paving" v="no"/>
  </node>
  <node id="4284468664" lat="42.8738244" lon="-8.5501200">
    <tag k="crossing" v="uncontrolled"/>
    <tag k="crossing:markings" v="zebra"/>
    <tag k="highway" v="crossing"/>
    <tag k="kerb" v="flush"/>
    <tag k="tactile_paving" v="no"/>
  </node>
  <node id="4284468665" lat="42.8736324" lon="-8.5517608">
    <tag k="crossing" v="uncontrolled"/>
    <tag k="crossing:markings" v="zebra"/>
    <tag k="highway" v="crossing"/>
    <tag k="tactile_paving" v="incorrect"/>
  </node>
  <node id="4286211205" lat="42.8730380" lon="-8.5473686">
    <tag k="crossing" v="uncontrolled"/>
    <tag k="highway" v="crossing"/>
    <tag k="kerb" v="lowered"/>
    <tag k="tactile_paving" v="yes"/>
  </node>
  <node id="4286211206" lat="42.8730984" lon="-8.5473219">
    <tag k="crossing" v="uncontrolled"/>
    <tag k="crossing:markings" v="zebra"/>
    <tag k="highway" v="crossing"/>
    <tag k="kerb" v="lowered"/>
    <tag k="tactile_paving" v="yes"/>
  </node>
  <node id="4286857280" lat="42.8744472" lon="-8.5475229">
    <tag k="crossing" v="uncontrolled"/>
    <tag k="crossing:markings" v="zebra"/>
    <tag k="highway" v="crossing"/>
    <tag k="kerb" v="lowered"/>
    <tag k="tactile_paving" v="no"/>
  </node>
  <node id="4286857281" lat="42.8758824" lon="-8.5447999">
    <tag k="button_operated" v="no"/>
    <tag k="crossing" v="traffic_signals"/>
    <tag k="crossing:markings" v="zebra"/>
    <tag k="highway" v="crossing"/>
    <tag k="tactile_paving" v="yes"/>
    <tag k="traffic_signals:sound" v="no"/>
    <tag k="traffic_signals:vibration" v="no"/>
  </node>
  <node id="4286857282" lat="42.8744981" lon="-8.5475862">
    <tag k="crossing" v="uncontrolled"/>
    <tag k="crossing:markings" v="zebra"/>
    <tag k="highway" v="crossing"/>
    <tag k="kerb" v="lowered"/>
    <tag k="tactile_paving" v="no"/>
  </node>
  <node id="4286857283" lat="42.8760441" lon="-8.5448330">
    <tag k="button_operated" v="no"/>
    <tag k="crossing" v="traffic_signals"/>
    <tag k="crossing:markings" v="zebra"/>
    <tag k="highway" v="crossing"/>
    <tag k="kerb" v="lowered"/>
    <tag k="tactile_paving" v="yes"/>
    <tag k="traffic_signals:sound" v="no"/>
    <tag k="traffic_signals:vibration" v="no"/>
  </node>
  <node id="4286857284" lat="42.8745010" lon="-8.5474683">
    <tag k="crossing" v="uncontrolled"/>
    <tag k="crossing:markings" v="zebra"/>
    <tag k="highway" v="crossing"/>
    <tag k="kerb" v="lowered"/>
    <tag k="tactile_paving" v="no"/>
  </node>
  <node id="4286857285" lat="42.8745495" lon="-8.5475361">
    <tag k="crossing" v="uncontrolled"/>
    <tag k="crossing:markings" v="zebra"/>
    <tag k="highway" v="crossing"/>
    <tag k="kerb" v="lowered"/>
    <tag k="tactile_paving" v="no"/>
  </node>
  <node id="4309591485" lat="42.8769582" lon="-8.5462694"/>
  <node id="4781929189" lat="42.8758118" lon="-8.5459885"/>
  <node id="4781929190" lat="42.8758741" lon="-8.5461646"/>
  <node id="4781929191" lat="42.8757489" lon="-8.5462935"/>
  <node id="4781929192" lat="42.8756840" lon="-8.5461302"/>
  <node id="4781929205" lat="42.8752612" lon="-8.5488988">
    <tag k="crossing" v="uncontrolled"/>
    <tag k="crossing:markings" v="zebra"/>
    <tag k="highway" v="crossing"/>
    <tag k="tactile_paving" v="yes"/>
  </node>
  <node id="4825673547" lat="42.8752135" lon="-8.5507366"/>
  <node id="4832660684" lat="42.8759168" lon="-8.5438365"/>
  <node id="4973579904" lat="42.8757261" lon="-8.5552174"/>
  <node id="4973579906" lat="42.8757527" lon="-8.5547663"/>
  <node id="5259767018" lat="42.8754118" lon="-8.5487486">
    <tag k="crossing" v="uncontrolled"/>
    <tag k="crossing:markings" v="zebra"/>
    <tag k="highway" v="crossing"/>
    <tag k="tactile_paving" v="yes"/>
  </node>
  <node id="5316858970" lat="42.8762062" lon="-8.5440019"/>
  <node id="5347156783" lat="42.8719295" lon="-8.5516351">
    <tag k="description" v="Foto-Rojo"/>
    <tag k="highway" v="traffic_signals"/>
    <tag k="traffic_signals" v="signal"/>
    <tag k="traffic_signals:direction" v="forward"/>
  </node>
  <node id="5463399382" lat="42.8715412" lon="-8.5474293"/>
  <node id="5819212257" lat="42.8769447" lon="-8.5440296">
    <tag k="cycleway" v="asl"/>
    <tag k="name" v="Plataforma avanzada ciclista"/>
  </node>
  <node id="5904929486" lat="42.8753125" lon="-8.5487030"/>
  <node id="5904929487" lat="42.8755042" lon="-8.5487507"/>
  <node id="6216383176" lat="42.8740967" lon="-8.5515803"/>
  <node id="7091843493" lat="42.8696943" lon="-8.5497639"/>
  <node id="7091843494" lat="42.8697270" lon="-8.5499214"/>
  <node id="7091843495" lat="42.8696485" lon="-8.5494037"/>
  <node id="7105880145" lat="42.8706733" lon="-8.5459336">
    <tag k="bus" v="yes"/>
    <tag k="name" v="O Hórreo (Estación)"/>
    <tag k="network" v="Transportes Urbanos de Santiago S. A."/>
    <tag k="network:short" v="TUSSA"/>
    <tag k="network:wikidata" v="Q9090645"/>
    <tag k="public_transport" v="stop_position"/>
    <tag k="ref" v="691"/>
  </node>
  <node id="7105880147" lat="42.8711527" lon="-8.5455237">
    <tag k="bus" v="yes"/>
    <tag k="name" v="O Hórreo-Santiago León de Caracas"/>
    <tag k="network" v="Transportes Urbanos de Santiago S. A."/>
    <tag k="network:short" v="TUSSA"/>
    <tag k="network:wikidata" v="Q9090645"/>
    <tag k="public_transport" v="stop_position"/>
    <tag k="ref" v="694"/>
  </node>
  <node id="7231003963" lat="42.8698771" lon="-8.5430978"/>
  <node id="7231369968" lat="42.8724429" lon="-8.5507650"/>
  <node id="7231369977" lat="42.8729654" lon="-8.5509606"/>
  <node id="7231369978" lat="42.8726971" lon="-8.5509459"/>
  <node id="7231385702" lat="42.8732793" lon="-8.5506525"/>
  <node id="7238616189" lat="42.8697855" lon="-8.5482156">
    <tag k="highway" v="traffic_signals"/>
    <tag k="traffic_signals" v="signal"/>
  </node>
  <node id="7238616190" lat="42.8695506" lon="-8.5483405">
    <tag k="highway" v="traffic_signals"/>
    <tag k="traffic_signals" v="signal"/>
  </node>
  <node id="7238616191" lat="42.8696083" lon="-8.5487108">
    <tag k="highway" v="traffic_signals"/>
    <tag k="traffic_signals" v="signal"/>
  </node>
  <node id="7238616192" lat="42.8698217" lon="-8.5486635">
    <tag k="highway" v="traffic_signals"/>
    <tag k="traffic_signals" v="signal"/>
  </node>
  <node id="7238616193" lat="42.8699265" lon="-8.5486905">
    <tag k="highway" v="traffic_signals"/>
    <tag k="traffic_signals" v="signal"/>
  </node>
  <node id="7238616194" lat="42.8699223" lon="-8.5488534">
    <tag k="highway" v="traffic_signals"/>
    <tag k="traffic_signals" v="signal"/>
  </node>
  <node id="7238616195" lat="42.8718298" lon="-8.5514941">
    <tag k="direction" v="315"/>
    <tag k="highway" v="speed_camera"/>
    <tag k="mapillary" v="540981203558523"/>
    <tag k="speed_camera" v="traffic_signals"/>
  </node>
  <node id="7840418025" lat="42.8762579" lon="-8.5482932"/>
  <node id="8760377630" lat="42.8718727" lon="-8.5437858"/>
  <node id="8760377635" lat="42.8718137" lon="-8.5439950"/>
  <node id="8760377636" lat="42.8717203" lon="-8.5444353"/>
  <node id="8760377637" lat="42.8717489" lon="-8.5446807"/>
  <node id="8760377638" lat="42.8717317" lon="-8.5447256">
    <tag k="highway" v="give_way"/>
  </node>
  <node id="8760377639" lat="42.8718020" lon="-8.5440493"/>
  <node id="8760377640" lat="42.8718802" lon="-8.5437400"/>
  <node id="8785707942" lat="42.8699304" lon="-8.5430039"/>
  <node id="9597817829" lat="42.8757775" lon="-8.5543554">
    <tag k="crossing" v="uncontrolled"/>
    <tag k="crossing:markings" v="zebra"/>
    <tag k="highway" v="crossing"/>
    <tag k="tactile_paving" v="no"/>
  </node>
  <node id="9597817830" lat="42.8757808" lon="-8.5542965">
    <tag k="direction" v="forward"/>
    <tag k="highway" v="give_way"/>
  </node>
  <node id="9621030719" lat="42.8765572" lon="-8.5523726">
    <tag k="crossing" v="uncontrolled"/>
    <tag k="crossing:island" v="no"/>
    <tag k="crossing:markings" v="zebra"/>
    <tag k="highway" v="crossing"/>
    <tag k="tactile_paving" v="no"/>
    <tag k="traffic_calming" v="table"/>
  </node>
  <node id="9621030760" lat="42.8764763" lon="-8.5524553">
    <tag k="crossing" v="uncontrolled"/>
    <tag k="crossing:markings" v="zebra"/>
    <tag k="highway" v="crossing"/>
    <tag k="tactile_paving" v="no"/>
  </node>
  <node id="9621030761" lat="42.8764179" lon="-8.5523550">
    <tag k="crossing" v="uncontrolled"/>
    <tag k="crossing:markings" v="zebra"/>
    <tag k="highway" v="crossing"/>
    <tag k="tactile_paving" v="no"/>
  </node>
  <node id="9932492157" lat="42.8768775" lon="-8.5461801"/>
  <node id="9932492158" lat="42.8768948" lon="-8.5462087"/>
  <node id="9932492162" lat="42.8769879" lon="-8.5462310"/>
  <node id="9932492166" lat="42.8760329" lon="-8.5489009"/>
  <node id="9932492167" lat="42.8758924" lon="-8.5492328"/>
  <node id="9932492168" lat="42.8756280" lon="-8.5499097"/>
  <node id="9932492169" lat="42.8755189" lon="-8.5502158"/>
  <node id="9932492170" lat="42.8754844" lon="-8.5502910"/>
  <node id="9932492171" lat="42.8754356" lon="-8.5503769"/>
  <node id="9932492172" lat="42.8749339" lon="-8.5511761"/>
  <node id="9932492173" lat="42.8748455" lon="-8.5513029"/>
  <node id="9932492174" lat="42.8746648" lon="-8.5515299"/>
  <node id="9932492175" lat="42.8745673" lon="-8.5516401"/>
  <node id="9932492176" lat="42.8744688" lon="-8.5517530"/>
  <node id="9932492177" lat="42.8739605" lon="-8.5523539"/>
  <node id="9932492178" lat="42.8735255" lon="-8.5528609"/>
  <node id="9932492179" lat="42.8734166" lon="-8.5530046"/>
  <node id="9932492180" lat="42.8732864" lon="-8.5531765"/>
  <node id="9932492182" lat="42.8731369" lon="-8.5535366"/>
  <node id="9932492183" lat="42.8731618" lon="-8.5535052"/>
  <node id="9932492184" lat="42.8731552" lon="-8.5533465"/>
  <node id="9932492185" lat="42.8731094" lon="-8.5533101"/>
  <node id="9932492186" lat="42.8730574" lon="-8.5533141"/>
  <node id="9932492187" lat="42.8730400" lon="-8.5533256"/>
  <node id="9932492188" lat="42.8730124" lon="-8.5533622"/>
  <node id="10168985311" lat="42.8704306" lon="-8.5464691"/>
  <node id="10168985312" lat="42.8704099" lon="-8.5464561"/>
  <node id="10168985315" lat="42.8703872" lon="-8.5464539"/>
  <node id="10169006918" lat="42.8703331" lon="-8.5465655"/>
  <node id="10169006921" lat="42.8703543" lon="-8.5466080"/>
  <node id="10169006924" lat="42.8703894" lon="-8.5466268"/>
  <node id="10169006925" lat="42.8704325" lon="-8.5466093"/>
  <node id="10169006926" lat="42.8704435" lon="-8.5465948"/>
  <node id="10169006928" lat="42.8704566" lon="-8.5465557"/>
  <node id="10169006929" lat="42.8704466" lon="-8.5464913"/>
  <node id="10291416674" lat="42.8734303" lon="-8.5413695"/>
  <node id="10307689498" lat="42.8707998" lon="-8.5458996"/>
  <node id="10307689499" lat="42.8713227" lon="-8.5453446"/>
  <node id="10307689500" lat="42.8712560" lon="-8.5452976"/>
  <node id="10307699609" lat="42.8737312" lon="-8.5448013"/>
  <node id="10307699611" lat="42.8745680" lon="-8.5445962"/>
  <node id="10307699616" lat="42.8762469" lon="-8.5440519"/>
  <node id="10604150365" lat="42.8767291" lon="-8.5464353"/>
  <node id="10604150373" lat="42.8768094" lon="-8.5466551"/>
  <node id="10604150374" lat="42.8768469" lon="-8.5463934"/>
  <node id="10604150375" lat="42.8768828" lon="-8.5463941"/>
  <node id="10604150377" lat="42.8763204" lon="-8.5440848"/>
  <node id="10665789399" lat="42.8746483" lon="-8.5461822"/>
  <node id="10665789400" lat="42.8745446" lon="-8.5460371"/>
  <node id="10665789401" lat="42.8745374" lon="-8.5463230"/>
  <node id="10665789402" lat="42.8744572" lon="-8.5462079"/>
  <node id="10719247558" lat="42.8761486" lon="-8.5444805"/>
  <node id="10719247562" lat="42.8761558" lon="-8.5444281"/>
  <node id="10759426214" lat="42.8705052" lon="-8.5522241"/>
  <node id="10759426215" lat="42.8705150" lon="-8.5522634">
    <tag k="direction" v="forward"/>
    <tag k="highway" v="stop"/>
    <tag k="traffic_sign" v="ES:R2"/>
  </node>
  <node id="10759426237" lat="42.8727158" lon="-8.5519591">
    <tag k="crossing" v="uncontrolled"/>
    <tag k="highway" v="crossing"/>
  </node>
  <node id="10759449782" lat="42.8743507" lon="-8.5496042"/>
  <node id="10759449783" lat="42.8743171" lon="-8.5492901"/>
  <node id="10941631851" lat="42.8693049" lon="-8.5442804"/>
  <node id="10941666402" lat="42.8709018" lon="-8.5456835"/>
  <node id="10941666403" lat="42.8713855" lon="-8.5452718"/>
  <node id="10941666404" lat="42.8708596" lon="-8.5457275">
    <tag k="button_operated" v="no"/>
    <tag k="crossing" v="traffic_signals"/>
    <tag k="crossing:island" v="no"/>
    <tag k="highway" v="crossing"/>
    <tag k="tactile_paving" v="yes"/>
  </node>
  <node id="10941790908" lat="42.8709088" lon="-8.5457769">
    <tag k="button_operated" v="no"/>
    <tag k="crossing" v="traffic_signals"/>
    <tag k="crossing:island" v="no"/>
    <tag k="highway" v="crossing"/>
    <tag k="tactile_paving" v="yes"/>
  </node>
  <node id="10941790909" lat="42.8709544" lon="-8.5457296"/>
  <node id="10941790911" lat="42.8707715" lon="-8.5458229"/>
  <node id="10941790912" lat="42.8713226" lon="-8.5452181"/>
  <node id="10941790913" lat="42.8708273" lon="-8.5458674"/>
  <node id="10941790914" lat="42.8714161" lon="-8.5450957">
    <tag k="button_operated" v="no"/>
    <tag k="crossing" v="traffic_signals"/>
    <tag k="highway" v="crossing"/>
    <tag k="tactile_paving" v="yes"/>
    <tag k="traffic_signals:sound" v="no"/>
    <tag k="traffic_signals:vibration" v="no"/>
  </node>
  <node id="10941790915" lat="42.8714086" lon="-8.5452437"/>
  <node id="10941790916" lat="42.8714836" lon="-8.5451534">
    <tag k="button_operated" v="no"/>
    <tag k="crossing" v="traffic_signals"/>
    <tag k="highway" v="crossing"/>
    <tag k="tactile_paving" v="yes"/>
    <tag k="traffic_signals:sound" v="no"/>
    <tag k="traffic_signals:vibration" v="no"/>
  </node>
  <node id="10941790917" lat="42.8713571" lon="-8.5451755"/>
  <node id="10976805223" lat="42.8713885" lon="-8.5464202"/>
  <node id="10976805246" lat="42.8735357" lon="-8.5435364"/>
  <node id="10989188694" lat="42.8701807" lon="-8.5522562"/>
  <node id="10989188695" lat="42.8701950" lon="-8.5522032"/>
  <node id="11020757186" lat="42.8750087" lon="-8.5526640"/>
  <node id="11020757187" lat="42.8749903" lon="-8.5526888"/>
  <node id="11020757188" lat="42.8749690" lon="-8.5527013"/>
  <node id="11020757189" lat="42.8749278" lon="-8.5526846"/>
  <node id="11020757190" lat="42.8749186" lon="-8.5526694"/>
  <node id="11020757191" lat="42.8749108" lon="-8.5526123"/>
  <node id="11020757197" lat="42.8755463" lon="-8.5518598"/>
  <node id="11020757199" lat="42.8757658" lon="-8.5518943"/>
  <node id="11020757200" lat="42.8756609" lon="-8.5518527"/>
  <node id="11020757201" lat="42.8756439" lon="-8.5518288"/>
  <node id="11020757202" lat="42.8756389" lon="-8.5518057"/>
  <node id="11020757203" lat="42.8756377" lon="-8.5517795"/>
  <node id="11020757204" lat="42.8756406" lon="-8.5517510"/>
  <node id="11020788205" lat="42.8756152" lon="-8.5517826"/>
  <node id="11020788206" lat="42.8756248" lon="-8.5518450"/>
  <node id="11020788207" lat="42.8756027" lon="-8.5518442"/>
  <node id="11020788208" lat="42.8755728" lon="-8.5518496"/>
  <node id="11020788209" lat="42.8759589" lon="-8.5511572"/>
  <node id="11284386754" lat="42.8699857" lon="-8.5475662"/>
  <node id="11284386760" lat="42.8704784" lon="-8.5465939"/>
  <node id="11284386764" lat="42.8699373" lon="-8.5475317"/>
  <node id="11284425680" lat="42.8693585" lon="-8.5483499"/>
  <node id="11284425686" lat="42.8695919" lon="-8.5485558"/>
  <node id="11284425696" lat="42.8707938" lon="-8.5459621"/>
  <node id="11284425712" lat="42.8693548" lon="-8.5484897"/>
  <node id="11284425713" lat="42.8703035" lon="-8.5492086"/>
  <node id="11336347451" lat="42.8755589" lon="-8.5501023">
    <tag k="crossing" v="traffic_signals"/>
    <tag k="crossing:island" v="no"/>
    <tag k="highway" v="crossing"/>
    <tag k="tactile_paving" v="yes"/>
  </node>
  <node id="11751753799" lat="42.8755587" lon="-8.5438147">
    <tag k="crossing" v="uncontrolled"/>
    <tag k="crossing:markings" v="zebra"/>
    <tag k="highway" v="crossing"/>
  </node>
  <node id="11758140388" lat="42.8718987" lon="-8.5448338"/>
  <node id="11758140389" lat="42.8718064" lon="-8.5448992"/>
  <node id="11758140392" lat="42.8719383" lon="-8.5448179">
    <tag k="button_operated" v="no"/>
    <tag k="crossing" v="traffic_signals"/>
    <tag k="crossing:island" v="no"/>
    <tag k="crossing:markings" v="zebra"/>
    <tag k="highway" v="crossing"/>
    <tag k="tactile_paving" v="yes"/>
    <tag k="traffic_signals:sound" v="no"/>
    <tag k="traffic_signals:vibration" v="no"/>
  </node>
  <node id="11837559247" lat="42.8703330" lon="-8.5465153"/>
  <node id="11851119383" lat="42.8763692" lon="-8.5540964">
    <tag k="crossing" v="uncontrolled"/>
    <tag k="crossing:markings" v="yes"/>
    <tag k="highway" v="crossing"/>
  </node>
  <node id="11851119384" lat="42.8764045" lon="-8.5535597">
    <tag k="crossing" v="uncontrolled"/>
    <tag k="crossing:markings" v="yes"/>
    <tag k="highway" v="crossing"/>
  </node>
  <node id="11851119389" lat="42.8758032" lon="-8.5540099">
    <tag k="crossing" v="uncontrolled"/>
    <tag k="crossing:markings" v="yes"/>
    <tag k="highway" v="crossing"/>
    <tag k="tactile_paving" v="no"/>
  </node>
  <node id="11851119390" lat="42.8759288" lon="-8.5522062">
    <tag k="crossing" v="uncontrolled"/>
    <tag k="crossing:markings" v="yes"/>
    <tag k="highway" v="crossing"/>
    <tag k="tactile_paving" v="yes"/>
  </node>
  <node id="11851119391" lat="42.8759866" lon="-8.5522997">
    <tag k="crossing" v="uncontrolled"/>
    <tag k="crossing:markings" v="yes"/>
    <tag k="highway" v="crossing"/>
    <tag k="tactile_paving" v="no"/>
  </node>
  <node id="11851119392" lat="42.8761036" lon="-8.5505938">
    <tag k="crossing" v="uncontrolled"/>
    <tag k="crossing:island" v="no"/>
    <tag k="crossing:markings" v="zebra"/>
    <tag k="highway" v="crossing"/>
  </node>
  <node id="11983673634" lat="42.8771545" lon="-8.5514212"/>
  <node id="11991940595" lat="42.8707102" lon="-8.5458939"/>
  <node id="11991954223" lat="42.8715163" lon="-8.5451127"/>
  <node id="11991954421" lat="42.8703304" lon="-8.5465404"/>
  <node id="11991954422" lat="42.8703413" lon="-8.5465889"/>
  <node id="11991954423" lat="42.8703708" lon="-8.5466210"/>
  <node id="11991954424" lat="42.8704193" lon="-8.5466198"/>
  <node id="11991954425" lat="42.8704046" lon="-8.5466258"/>
  <node id="11991954426" lat="42.8704574" lon="-8.5465332"/>
  <node id="11991954427" lat="42.8704540" lon="-8.5465113"/>
  <node id="11991954428" lat="42.8703692" lon="-8.5464602"/>
  <node id="11991954429" lat="42.8703409" lon="-8.5464923"/>
  <node id="11991954430" lat="42.8703533" lon="-8.5464734"/>
  <node id="11991954431" lat="42.8704601" lon="-8.5464594">
    <tag k="highway" v="give_way"/>
  </node>
  <node id="11992024073" lat="42.8695982" lon="-8.5503489">
    <tag k="highway" v="give_way"/>
  </node>
  <node id="11992278406" lat="42.8729978" lon="-8.5520119"/>
  <node id="11992278407" lat="42.8729259" lon="-8.5519873"/>
  <node id="11992278408" lat="42.8735121" lon="-8.5458167"/>
  <node id="11992278409" lat="42.8737364" lon="-8.5449266"/>
  <node id="12160559577" lat="42.8770721" lon="-8.5463121"/>
  <node id="12164234515" lat="42.8719720" lon="-8.5504282">
    <tag k="highway" v="stop"/>
  </node>
  <node id="12164234516" lat="42.8728151" lon="-8.5510301">
    <tag k="highway" v="stop"/>
  </node>
  <node id="12164234517" lat="42.8727466" lon="-8.5482299">
    <tag k="highway" v="stop"/>
  </node>
  <node id="12606879419" lat="42.8722215" lon="-8.5519642"/>
  <node id="12674335924" lat="42.8738759" lon="-8.5518166">
    <tag k="crossing" v="uncontrolled"/>
    <tag k="crossing:markings" v="yes"/>
    <tag k="highway" v="crossing"/>
  </node>
  <node id="12674335926" lat="42.8738195" lon="-8.5517758"/>
  <node id="12783494211" lat="42.8768494" lon="-8.5457769">
    <tag k="button_operated" v="yes"/>
    <tag k="crossing" v="traffic_signals"/>
    <tag k="crossing:island" v="no"/>
    <tag k="crossing:markings" v="zebra"/>
    <tag k="highway" v="crossing"/>
    <tag k="tactile_paving" v="no"/>
    <tag k="traffic_signals:sound" v="yes"/>
    <tag k="traffic_signals:vibration" v="no"/>
  </node>
  <node id="12783494212" lat="42.8768513" lon="-8.5458862">
    <tag k="highway" v="traffic_signals"/>
    <tag k="traffic_signals" v="signal"/>
    <tag k="traffic_signals:direction" v="backward"/>
  </node>
  <node id="12783494213" lat="42.8768507" lon="-8.5458509">
    <tag k="cycleway" v="asl"/>
    <tag k="direction" v="backward"/>
  </node>
  <node id="12783494214" lat="42.8768472" lon="-8.5456992">
    <tag k="cycleway" v="asl"/>
    <tag k="direction" v="forward"/>
  </node>
  <node id="12783494215" lat="42.8768460" lon="-8.5456597">
    <tag k="highway" v="traffic_signals"/>
    <tag k="traffic_signals" v="signal"/>
    <tag k="traffic_signals:direction" v="forward"/>
  </node>
  <node id="12783494216" lat="42.8768032" lon="-8.5460031"/>
  <node id="12783494217" lat="42.8768546" lon="-8.5460801">
    <tag k="highway" v="traffic_signals"/>
    <tag k="traffic_signals" v="signal"/>
    <tag k="traffic_signals:direction" v="forward"/>
  </node>
  <node id="12783494218" lat="42.8768540" lon="-8.5460356">
    <tag k="cycleway" v="asl"/>
    <tag k="direction" v="forward"/>
  </node>
  <node id="12783494219" lat="42.8767189" lon="-8.5464599"/>
  <node id="12783494220" lat="42.8768203" lon="-8.5447112">
    <tag k="cycleway" v="asl"/>
    <tag k="direction" v="backward"/>
  </node>
  <node id="12783494221" lat="42.8768215" lon="-8.5447597">
    <tag k="highway" v="traffic_signals"/>
    <tag k="traffic_signals" v="signal"/>
    <tag k="traffic_signals:direction" v="backward"/>
  </node>
  <node id="12783494222" lat="42.8768432" lon="-8.5445918">
    <tag k="highway" v="traffic_signals"/>
    <tag k="traffic_signals" v="signal"/>
    <tag k="traffic_signals:direction" v="forward"/>
  </node>
  <node id="12783494223" lat="42.8768311" lon="-8.5446289">
    <tag k="cycleway" v="asl"/>
    <tag k="direction" v="forward"/>
  </node>
  <node id="12783494224" lat="42.8768048" lon="-8.5467654">
    <tag k="highway" v="traffic_signals"/>
    <tag k="traffic_signals" v="signal"/>
    <tag k="traffic_signals:direction" v="forward"/>
  </node>
  <node id="12783494225" lat="42.8768619" lon="-8.5467081">
    <tag k="highway" v="traffic_signals"/>
    <tag k="traffic_signals" v="signal"/>
    <tag k="traffic_signals:direction" v="forward"/>
  </node>
  <node id="12903263515" lat="42.8708078" lon="-8.5459723">
    <tag k="highway" v="stop"/>
  </node>
  <node id="12903777120" lat="42.8715139" lon="-8.5449220">
    <tag k="highway" v="give_way"/>
  </node>
  <node id="12903777121" lat="42.8715948" lon="-8.5450384"/>
  <node id="12903777122" lat="42.8715684" lon="-8.5450590"/>
  <node id="12903777123" lat="42.8697245" lon="-8.5480447"/>
  <node id="12903777124" lat="42.8704907" lon="-8.5462325"/>
  <node id="12903777125" lat="42.8706874" lon="-8.5460343"/>
  <node id="12903777126" lat="42.8706262" lon="-8.5461240"/>
  <node id="12903777127" lat="42.8705337" lon="-8.5461474"/>
  <node id="12903777128" lat="42.8712683" lon="-8.5454060"/>
  <node id="12903777129" lat="42.8697538" lon="-8.5479851"/>
  <node id="12903777130" lat="42.8713889" lon="-8.5451354"/>
  <node id="12903777131" lat="42.8702926" lon="-8.5466793"/>
  <node id="12903777132" lat="42.8703142" lon="-8.5466224">
    <tag k="highway" v="give_way"/>
  </node>
  <node id="12903777133" lat="42.8697928" lon="-8.5481449"/>
  <node id="12903777134" lat="42.8698524" lon="-8.5478934"/>
  <node id="12903777135" lat="42.8724818" lon="-8.5447432"/>
  <node id="12903777136" lat="42.8735084" lon="-8.5447651">
    <tag k="highway" v="traffic_signals"/>
    <tag k="traffic_signals" v="signal"/>
    <tag k="traffic_signals:direction" v="backward"/>
  </node>
  <node id="12903777137" lat="42.8722303" lon="-8.5447430"/>
  <node id="12903777138" lat="42.8721322" lon="-8.5447511"/>
  <node id="12903777139" lat="42.8721839" lon="-8.5447452"/>
  <node id="12962256043" lat="42.8766205" lon="-8.5415761">
    <tag k="highway" v="give_way"/>
  </node>
  <node id="12971197934" lat="42.8757225" lon="-8.5501650"/>
  <node id="12971197935" lat="42.8756556" lon="-8.5501029"/>
  <node id="12977876039" lat="42.8718536" lon="-8.5523341"/>
  <node id="12977876040" lat="42.8703917" lon="-8.5542283"/>
  <node id="12977876041" lat="42.8704457" lon="-8.5541980"/>
  <node id="12977876045" lat="42.8703023" lon="-8.5542575"/>
  <node id="12979516764" lat="42.8751297" lon="-8.5499351"/>
  <node id="13291147181" lat="42.8744089" lon="-8.5507290">
    <tag k="crossing" v="uncontrolled"/>
    <tag k="crossing:markings" v="zebra"/>
    <tag k="highway" v="crossing"/>
  </node>
  <node id="13291147189" lat="42.8737698" lon="-8.5522745">
    <tag k="crossing" v="uncontrolled"/>
    <tag k="crossing:markings" v="zebra"/>
    <tag k="highway" v="crossing"/>
  </node>
  <node id="13291152811" lat="42.8734831" lon="-8.5521661">
    <tag k="crossing" v="uncontrolled"/>
    <tag k="crossing:markings" v="zebra"/>
    <tag k="highway" v="crossing"/>
  </node>
  <node id="13291152813" lat="42.8737351" lon="-8.5523282"/>
  <node id="13291152814" lat="42.8737043" lon="-8.5523518"/>
  <node id="13338738561" lat="42.8759278" lon="-8.5447790">
    <tag k="cycleway" v="asl"/>
  </node>
  <node id="13338738562" lat="42.8746956" lon="-8.5453349">
    <tag k="cycleway" v="asl"/>
  </node>
  <node id="13338738563" lat="42.8735462" lon="-8.5458441">
    <tag k="button_operated" v="yes"/>
    <tag k="crossing" v="traffic_signals"/>
    <tag k="highway" v="crossing"/>
  </node>
  <node id="13338738564" lat="42.8735691" lon="-8.5458347">
    <tag k="cycleway" v="asl"/>
  </node>
  <node id="13338738565" lat="42.8759682" lon="-8.5447607"/>
  <node id="13380926200" lat="42.8712092" lon="-8.5482997">
    <tag k="highway" v="give_way"/>
  </node>
  <node id="13381072456" lat="42.8724678" lon="-8.5492680">
    <tag k="highway" v="stop"/>
  </node>
  <node id="13381117081" lat="42.8715869" lon="-8.5473809">
    <tag k="highway" v="give_way"/>
  </node>
  <node id="13526267191" lat="42.8701924" lon="-8.5468739"/>
  <node id="13566119349" lat="42.8702534" lon="-8.5467743"/>
  <node id="13585059782" lat="42.8692132" lon="-8.5443668"/>
  <node id="13585059787" lat="42.8693557" lon="-8.5442195"/>
  <node id="13585059788" lat="42.8694028" lon="-8.5441539"/>
  <node id="13585059789" lat="42.8698290" lon="-8.5431872"/>
  <node id="13585059792" lat="42.8692424" lon="-8.5443418">
    <tag k="highway" v="traffic_signals"/>
    <tag k="traffic_signals" v="signal"/>
    <tag k="traffic_signals:direction" v="backward"/>
  </node>
  <way id="7753469">
    <nd ref="766296771"/>
    <nd ref="2129083233"/>
    <nd ref="9932492183"/>
    <nd ref="912012368"/>
    <nd ref="9932492182"/>
    <nd ref="764905364"/>
    <nd ref="764917388"/>
    <tag k="cycleway:both" v="no"/>
    <tag k="highway" v="tertiary"/>
    <tag k="junction" v="roundabout"/>
    <tag k="lanes" v="2"/>
    <tag k="lit" v="yes"/>
    <tag k="maxspeed" v="30"/>
    <tag k="sidewalk" v="no"/>
    <tag k="smoothness" v="excellent"/>
    <tag k="surface" v="asphalt"/>
  </way>
  <way id="7753480">
    <nd ref="766296781"/>
    <nd ref="56543542"/>
    <tag k="cycleway:right" v="no"/>
    <tag k="highway" v="tertiary"/>
    <tag k="lanes" v="1"/>
    <tag k="lit" v="yes"/>
    <tag k="maxspeed" v="30"/>
    <tag k="maxweightrating:hgv" v="5.5"/>
    <tag k="name" v="Avenida de Rosalía de Castro"/>
    <tag k="name:etymology:wikidata" v="Q464264"/>
    <tag k="old_name" v="O Camiño Novo"/>
    <tag k="oneway" v="yes"/>
    <tag k="sidewalk" v="right"/>
    <tag k="surface" v="asphalt"/>
  </way>
  <way id="7753486">
    <nd ref="764912089"/>
    <nd ref="940373312"/>
    <nd ref="9932492177"/>
    <nd ref="911320065"/>
    <nd ref="922095363"/>
    <nd ref="9932492176"/>
    <nd ref="9932492175"/>
    <nd ref="9932492174"/>
    <nd ref="1954791505"/>
    <nd ref="9932492173"/>
    <nd ref="3756356955"/>
    <nd ref="9932492172"/>
    <nd ref="3756356961"/>
    <nd ref="4825673547"/>
    <nd ref="9932492171"/>
    <nd ref="9932492170"/>
    <nd ref="9932492169"/>
    <nd ref="1183392390"/>
    <nd ref="11336347451"/>
    <nd ref="1272152901"/>
    <tag k="cycleway:both" v="no"/>
    <tag k="highway" v="tertiary"/>
    <tag k="lanes" v="2"/>
    <tag k="lanes:backward" v="1"/>
    <tag k="lanes:forward" v="1"/>
    <tag k="lit" v="yes"/>
    <tag k="maxspeed" v="30"/>
    <tag k="name" v="Avenida de Rosalía de Castro"/>
    <tag k="name:etymology:wikidata" v="Q464264"/>
    <tag k="old_name" v="O Camiño Novo"/>
    <tag k="sidewalk" v="both"/>
    <tag k="sidewalk:both:surface" v="paving_stones"/>
    <tag k="smoothness" v="good"/>
    <tag k="surface" v="asphalt"/>
  </way>
  <way id="7753488">
    <nd ref="764916318"/>
    <nd ref="4038863465"/>
    <nd ref="10604150375"/>
    <nd ref="56542553"/>
    <nd ref="1183392344"/>
    <nd ref="4309591485"/>
    <tag k="foot" v="no"/>
    <tag k="highway" v="tertiary"/>
    <tag k="lanes" v="2"/>
    <tag k="lit" v="yes"/>
    <tag k="name" v="Campo da Estrela"/>
    <tag k="oneway" v="yes"/>
    <tag k="sidewalk" v="no"/>
    <tag k="surface" v="asphalt"/>
  </way>
  <way id="9862890">
    <nd ref="766296771"/>
    <nd ref="79525263"/>
    <nd ref="1183392628"/>
    <nd ref="764912994"/>
    <nd ref="1630520488"/>
    <tag k="cycleway:both" v="no"/>
    <tag k="highway" v="residential"/>
    <tag k="lanes" v="1"/>
    <tag k="lit" v="yes"/>
    <tag k="maxspeed" v="30"/>
    <tag k="name" v="Avenida do Mestre Mateo"/>
    <tag k="name:es" v="Avenida del Maestro Mateo"/>
    <tag k="name:etymology:wikidata" v="Q3327671"/>
    <tag k="name:gl" v="Avenida do Mestre Mateo"/>
    <tag k="oneway" v="yes"/>
    <tag k="surface" v="asphalt"/>
  </way>
  <way id="9863691">
    <nd ref="764938736"/>
    <nd ref="766296915"/>
    <nd ref="4226401991"/>
    <nd ref="1698681785"/>
    <nd ref="79538612"/>
    <tag k="highway" v="primary"/>
    <tag k="junction" v="circular"/>
    <tag k="lanes" v="2"/>
    <tag k="oneway" v="yes"/>
    <tag k="ref" v="SC-20"/>
    <tag k="sidewalk" v="no"/>
    <tag k="surface" v="asphalt"/>
  </way>
  <way id="9863692">
    <nd ref="764905271"/>
    <nd ref="1030022305"/>
    <nd ref="11284425712"/>
    <nd ref="144371473"/>
    <nd ref="1028134809"/>
    <tag k="highway" v="primary"/>
    <tag k="lanes" v="2"/>
    <tag k="lit" v="yes"/>
    <tag k="maxspeed" v="30"/>
    <tag k="name" v="Avenida de Romero Donallo"/>
    <tag k="oneway" v="yes"/>
    <tag k="surface" v="asphalt"/>
  </way>
  <way id="9863704">
    <nd ref="10665789399"/>
    <nd ref="4781929192"/>
    <tag k="cycleway" v="shared_lane"/>
    <tag k="cycleway:lane" v="pictogram"/>
    <tag k="highway" v="residential"/>
    <tag k="lanes" v="1"/>
    <tag k="lit" v="yes"/>
    <tag k="maxspeed" v="30"/>
    <tag k="name" v="Rúa do Xeneral Pardiñas"/>
    <tag k="name:es" v="Calle del General Pardiñas"/>
    <tag k="name:etymology:wikidata" v="Q6099921"/>
    <tag k="name:gl" v="Rúa do Xeneral Pardiñas"/>
    <tag k="oneway" v="yes"/>
    <tag k="sidewalk" v="both"/>
    <tag k="surface" v="asphalt"/>
  </way>
  <way id="9867069">
    <nd ref="11983673634"/>
    <nd ref="4087214158"/>
    <nd ref="4087214157"/>
    <nd ref="766297348"/>
    <nd ref="1550045617"/>
    <nd ref="1197196587"/>
    <tag k="cycleway:both" v="no"/>
    <tag k="highway" v="residential"/>
    <tag k="lanes" v="2"/>
    <tag k="maxspeed" v="20"/>
    <tag k="maxspeed:type" v="sign"/>
    <tag k="name" v="Avenida da Coruña"/>
    <tag k="name:etymology:wikidata" v="Q8757"/>
    <tag k="oneway" v="no"/>
    <tag k="parking:both" v="street_side"/>
    <tag k="parking:both:orientation" v="parallel"/>
    <tag k="parking:condition:both" v="ticket"/>
    <tag k="sidewalk:both" v="separate"/>
    <tag k="surface" v="sett"/>
  </way>
  <way id="9867070">
    <nd ref="79539378"/>
    <nd ref="13338738565"/>
    <nd ref="13338738561"/>
    <nd ref="4286857281"/>
    <nd ref="13338738562"/>
    <nd ref="1183392227"/>
    <nd ref="764937995"/>
    <tag k="cycleway" v="shared_lane"/>
    <tag k="cycleway:lane" v="pictogram"/>
    <tag k="highway" v="residential"/>
    <tag k="lanes" v="1"/>
    <tag k="lit" v="yes"/>
    <tag k="maxspeed" v="30"/>
    <tag k="name" v="Rúa do Doutor Teixeiro"/>
    <tag k="name:etymology:wikidata" v="Q12393112"/>
    <tag k="oneway" v="yes"/>
    <tag k="sidewalk" v="both"/>
    <tag k="surface" v="asphalt"/>
  </way>
  <way id="9867071">
    <nd ref="1272130019"/>
    <nd ref="4041728907"/>
    <nd ref="4236712753"/>
    <nd ref="766297021"/>
    <nd ref="4236712743"/>
    <nd ref="4236712745"/>
    <nd ref="766472723"/>
    <nd ref="4236712751"/>
    <nd ref="1314209543"/>
    <nd ref="766472728"/>
    <nd ref="2129062158"/>
    <nd ref="283126079"/>
    <nd ref="2129062146"/>
    <nd ref="4286211205"/>
    <nd ref="764915631"/>
    <nd ref="764236390"/>
    <tag k="cycleway" v="shared_lane"/>
    <tag k="cycleway:lane" v="pictogram"/>
    <tag k="highway" v="residential"/>
    <tag k="lanes" v="2"/>
    <tag k="lit" v="yes"/>
    <tag k="maxspeed" v="30"/>
    <tag k="maxweightrating:hgv" v="5.5"/>
    <tag k="name" v="Rúa da República Arxentina"/>
    <tag k="name:es" v="Calle de la República Argentina"/>
    <tag k="name:etymology:wikidata" v="Q414"/>
    <tag k="name:gl" v="Rúa da República Arxentina"/>
    <tag k="oneway" v="yes"/>
    <tag k="sidewalk" v="both"/>
    <tag k="surface" v="asphalt"/>
  </way>
  <way id="9867073">
    <nd ref="764236431"/>
    <nd ref="764933087"/>
    <nd ref="764919953"/>
    <nd ref="4162222952"/>
    <nd ref="766498406"/>
    <tag k="highway" v="tertiary"/>
    <tag k="lanes" v="2"/>
    <tag k="lit" v="yes"/>
    <tag k="maxspeed" v="30"/>
    <tag k="name" v="Rúa do Hórreo"/>
    <tag k="name:es" v="Calle del Hórreo"/>
    <tag k="name:gl" v="Rúa do Hórreo"/>
    <tag k="oneway" v="yes"/>
    <tag k="sidewalk:both" v="separate"/>
    <tag k="sidewalk:both:surface" v="paving_stones"/>
    <tag k="surface" v="asphalt"/>
  </way>
  <way id="9867076">
    <nd ref="79545496"/>
    <nd ref="1183392188"/>
    <nd ref="3110953227"/>
    <nd ref="5316858970"/>
    <nd ref="283126109"/>
    <tag k="highway" v="tertiary"/>
    <tag k="lanes" v="3"/>
    <tag k="lit" v="yes"/>
    <tag k="maxspeed" v="30"/>
    <tag k="name" v="Rúa do Hórreo"/>
    <tag k="name:es" v="Calle del Hórreo"/>
    <tag k="name:gl" v="Rúa do Hórreo"/>
    <tag k="oneway" v="yes"/>
    <tag k="sidewalk" v="both"/>
    <tag k="surface" v="asphalt"/>
  </way>
  <way id="9868294">
    <nd ref="79545496"/>
    <nd ref="1183392703"/>
    <nd ref="4832660684"/>
    <nd ref="79545488"/>
    <nd ref="766473422"/>
    <nd ref="283129916"/>
    <nd ref="923510744"/>
    <nd ref="766498425"/>
    <nd ref="283129920"/>
    <nd ref="764236773"/>
    <nd ref="766298878"/>
    <nd ref="1981601765"/>
    <nd ref="12962256043"/>
    <nd ref="79545472"/>
    <tag k="highway" v="residential"/>
    <tag k="lanes" v="1"/>
    <tag k="lit" v="yes"/>
    <tag k="maxspeed" v="30"/>
    <tag k="maxspeed:type" v="ES:urban"/>
    <tag k="name" v="Rúa dos Pitelos"/>
    <tag k="oneway" v="yes"/>
    <tag k="surface" v="sett"/>
  </way>
  <way id="14638348">
    <nd ref="470334102"/>
    <nd ref="665416811"/>
    <nd ref="12903777123"/>
    <nd ref="12903777129"/>
    <nd ref="764904167"/>
    <nd ref="1030022766"/>
    <nd ref="11284386764"/>
    <nd ref="1030045696"/>
    <nd ref="1030045743"/>
    <nd ref="2445868994"/>
    <tag k="bicycle" v="yes"/>
    <tag k="highway" v="secondary"/>
    <tag k="lanes" v="2"/>
    <tag k="lit" v="yes"/>
    <tag k="maxspeed" v="30"/>
    <tag k="maxweight" v="5.5"/>
    <tag k="name" v="Rúa do Hórreo"/>
    <tag k="old_ref" v="N-550"/>
    <tag k="oneway" v="yes"/>
    <tag k="sidewalk:left" v="no"/>
    <tag k="sidewalk:right" v="separate"/>
    <tag k="surface" v="asphalt"/>
  </way>
  <way id="18122218">
    <nd ref="56541841"/>
    <nd ref="764915616"/>
    <tag k="cycleway:both" v="no"/>
    <tag k="highway" v="residential"/>
    <tag k="lanes" v="1"/>
    <tag k="lit" v="yes"/>
    <tag k="maxspeed" v="30"/>
    <tag k="name" v="Avenida de Vilagarcía"/>
    <tag k="name:es" v="Avenida de Vilagarcía"/>
    <tag k="name:etymology:wikidata" v="Q1442637"/>
    <tag k="name:gl" v="Avenida de Vilagarcía"/>
    <tag k="oneway" v="yes"/>
    <tag k="sidewalk" v="right"/>
    <tag k="surface" v="concrete"/>
  </way>
  <way id="18122220">
    <nd ref="4234704227"/>
    <nd ref="13291152811"/>
    <nd ref="4284468665"/>
    <nd ref="766297064"/>
    <tag k="highway" v="residential"/>
    <tag k="lanes" v="1"/>
    <tag k="lit" v="yes"/>
    <tag k="maxspeed" v="30"/>
    <tag k="name" v="Praza de Vigo"/>
    <tag k="name:es" v="Plaza de Vigo"/>
    <tag k="name:etymology:wikidata" v="Q8745"/>
    <tag k="name:gl" v="Praza de Vigo"/>
    <tag k="oneway" v="yes"/>
    <tag k="sidewalk" v="both"/>
    <tag k="surface" v="concrete"/>
  </way>
  <way id="22780805">
    <nd ref="766298118"/>
    <nd ref="1124884826"/>
    <nd ref="283129883"/>
    <nd ref="10976805246"/>
    <nd ref="766473276"/>
    <nd ref="1183392071"/>
    <nd ref="921350183"/>
    <nd ref="1981593868"/>
    <nd ref="764236537"/>
    <nd ref="1124884906"/>
    <nd ref="10291416674"/>
    <nd ref="764941996"/>
    <nd ref="766298206"/>
    <tag k="cycleway:both" v="no"/>
    <tag k="highway" v="residential"/>
    <tag k="lanes" v="2"/>
    <tag k="lanes:backward" v="1"/>
    <tag k="lanes:forward" v="1"/>
    <tag k="lit" v="yes"/>
    <tag k="maxspeed" v="30"/>
    <tag k="name" v="Rúa de Ramón Piñeiro"/>
    <tag k="name:etymology:wikidata" v="Q3394407"/>
    <tag k="sidewalk:both" v="separate"/>
    <tag k="surface" v="asphalt"/>
  </way>
  <way id="25952964">
    <nd ref="764917051"/>
    <nd ref="11284425713"/>
    <nd ref="764235279"/>
    <nd ref="766296978"/>
    <nd ref="766472650"/>
    <tag k="highway" v="residential"/>
    <tag k="lanes" v="1"/>
    <tag k="lit" v="yes"/>
    <tag k="maxspeed" v="30"/>
    <tag k="maxweightrating:hgv" v="5.5"/>
    <tag k="name" v="Rúa de Santiago de Chile"/>
    <tag k="name:es" v="Calle de Santiago de Chile"/>
    <tag k="name:etymology:wikidata" v="Q2887"/>
    <tag k="name:gl" v="Rúa de Santiago de Chile"/>
    <tag k="oneway" v="yes"/>
    <tag k="surface" v="asphalt"/>
  </way>
  <way id="25952965">
    <nd ref="766472723"/>
    <nd ref="4236712759"/>
    <nd ref="4162222931"/>
    <nd ref="13380926200"/>
    <nd ref="764903142"/>
    <tag k="cycleway" v="shared_lane"/>
    <tag k="cycleway:lane" v="pictogram"/>
    <tag k="highway" v="residential"/>
    <tag k="lanes" v="1"/>
    <tag k="lit" v="yes"/>
    <tag k="maxspeed" v="30"/>
    <tag k="name" v="Rúa de Fernando III o Santo"/>
    <tag k="name:etymology:wikidata" v="Q243122"/>
    <tag k="oneway" v="yes"/>
    <tag k="parking:lane:right" v="parallel"/>
    <tag k="sidewalk" v="both"/>
    <tag k="surface" v="asphalt"/>
  </way>
  <way id="25952966">
    <nd ref="766473156"/>
    <nd ref="11284386760"/>
    <nd ref="4162222928"/>
    <nd ref="1954824731"/>
    <nd ref="2129062164"/>
    <nd ref="5463399382"/>
    <tag k="cycleway" v="shared_lane"/>
    <tag k="cycleway:lane" v="pictogram"/>
    <tag k="highway" v="residential"/>
    <tag k="lanes" v="1"/>
    <tag k="lit" v="yes"/>
    <tag k="maxspeed" v="30"/>
    <tag k="name" v="Rúa de San Pedro de Mezonzo"/>
    <tag k="name:etymology:wikidata" v="Q3393707"/>
    <tag k="oneway" v="yes"/>
    <tag k="sidewalk" v="both"/>
    <tag k="surface" v="asphalt"/>
  </way>
  <way id="25952968">
    <nd ref="764914378"/>
    <nd ref="1272168568"/>
    <nd ref="6216383176"/>
    <nd ref="764915232"/>
    <nd ref="1183392192"/>
    <nd ref="12979516764"/>
    <nd ref="764235700"/>
    <nd ref="1183392400"/>
    <nd ref="470223800"/>
    <nd ref="1183392634"/>
    <nd ref="4162222943"/>
    <nd ref="4162222945"/>
    <nd ref="4162222946"/>
    <nd ref="764235704"/>
    <tag k="cycleway" v="shared_lane"/>
    <tag k="cycleway:lane" v="pictogram"/>
    <tag k="highway" v="residential"/>
    <tag k="lanes" v="1"/>
    <tag k="lit" v="yes"/>
    <tag k="maxspeed" v="30"/>
    <tag k="name" v="Rúa Nova de Abaixo"/>
    <tag k="name:es" v="Calle Nueva de Abajo"/>
    <tag k="name:gl" v="Rúa Nova de Abaixo"/>
    <tag k="oneway" v="yes"/>
    <tag k="sidewalk" v="both"/>
    <tag k="surface" v="asphalt"/>
  </way>
  <way id="25952969">
    <nd ref="764915232"/>
    <nd ref="13291147181"/>
    <nd ref="766472869"/>
    <nd ref="1890170975"/>
    <nd ref="764904805"/>
    <nd ref="3719435689"/>
    <tag k="cycleway" v="shared_lane"/>
    <tag k="cycleway:lane" v="pictogram"/>
    <tag k="highway" v="residential"/>
    <tag k="lanes" v="1"/>
    <tag k="lit" v="yes"/>
    <tag k="maxspeed" v="30"/>
    <tag k="name" v="Rúa de Santiago del Estero"/>
    <tag k="name:etymology:wikidata" v="Q44253"/>
    <tag k="oneway" v="yes"/>
    <tag k="sidewalk" v="both"/>
    <tag k="surface" v="asphalt"/>
  </way>
  <way id="25952970">
    <nd ref="283126094"/>
    <nd ref="2133154366"/>
    <nd ref="4286857285"/>
    <nd ref="764235713"/>
    <tag k="cycleway" v="shared_lane"/>
    <tag k="cycleway:lane" v="pictogram"/>
    <tag k="highway" v="residential"/>
    <tag k="lanes" v="1"/>
    <tag k="lit" v="yes"/>
    <tag k="maxspeed" v="30"/>
    <tag k="name" v="Rúa de Alfredo Brañas"/>
    <tag k="name:etymology:wikidata" v="Q2778481"/>
    <tag k="oneway" v="yes"/>
    <tag k="sidewalk" v="both"/>
    <tag k="surface" v="asphalt"/>
  </way>
  <way id="25952973">
    <nd ref="764910433"/>
    <nd ref="1030060219"/>
    <nd ref="285960031"/>
    <nd ref="4162222939"/>
    <nd ref="10976805223"/>
    <nd ref="1030060214"/>
    <nd ref="1030060268"/>
    <nd ref="12903263515"/>
    <nd ref="11284425696"/>
    <nd ref="283126111"/>
    <tag k="cycleway" v="shared_lane"/>
    <tag k="cycleway:lane" v="pictogram"/>
    <tag k="highway" v="residential"/>
    <tag k="lanes" v="1"/>
    <tag k="lit" v="yes"/>
    <tag k="maxspeed" v="30"/>
    <tag k="name" v="Rúa de Santiago León de Caracas"/>
    <tag k="name:etymology:wikidata" v="Q1533"/>
    <tag k="oneway" v="yes"/>
    <tag k="sidewalk" v="both"/>
    <tag k="surface" v="asphalt"/>
  </way>
  <way id="39245185">
    <nd ref="766297348"/>
    <nd ref="1550047563"/>
    <nd ref="1228594092"/>
    <nd ref="1708977517"/>
    <nd ref="764916860"/>
    <nd ref="9621030760"/>
    <nd ref="4094435349"/>
    <nd ref="1954791516"/>
    <nd ref="11851119384"/>
    <nd ref="766297172"/>
    <nd ref="11851119383"/>
    <nd ref="912582248"/>
    <tag k="highway" v="residential"/>
    <tag k="maxspeed" v="20"/>
    <tag k="name" v="Avenida das Ciencias"/>
    <tag k="oneway" v="yes"/>
    <tag k="surface" v="concrete"/>
  </way>
  <way id="42806822">
    <nd ref="535294434"/>
    <nd ref="766472877"/>
    <nd ref="665429058"/>
    <nd ref="665429059"/>
    <nd ref="10759449782"/>
    <nd ref="1890170976"/>
    <nd ref="1890170985"/>
    <nd ref="766472862"/>
    <tag k="cycleway" v="shared_lane"/>
    <tag k="cycleway:lane" v="pictogram"/>
    <tag k="highway" v="residential"/>
    <tag k="lanes" v="1"/>
    <tag k="lit" v="yes"/>
    <tag k="maxspeed" v="30"/>
    <tag k="name" v="Praza Roxa"/>
    <tag k="name:es" v="Plaza Roja"/>
    <tag k="name:gl" v="Praza Roxa"/>
    <tag k="oneway" v="yes"/>
    <tag k="surface" v="asphalt"/>
  </way>
  <way id="48476570">
    <nd ref="764938834"/>
    <nd ref="1124885386"/>
    <nd ref="11751753799"/>
    <nd ref="766298409"/>
    <nd ref="1124885178"/>
    <nd ref="283129910"/>
    <tag k="highway" v="residential"/>
    <tag k="lanes" v="1"/>
    <tag k="lit" v="yes"/>
    <tag k="maxspeed" v="30"/>
    <tag k="name" v="Rúa de Gómez Ulla"/>
    <tag k="name:etymology:wikidata" v="Q5997764"/>
    <tag k="oneway" v="yes"/>
    <tag k="sidewalk:both" v="separate"/>
    <tag k="sidewalk:both:surface" v="paving_stones"/>
    <tag k="source" v="PNOA Spain"/>
    <tag k="surface" v="asphalt"/>
  </way>
  <way id="52288286">
    <nd ref="1272127497"/>
    <nd ref="1183392374"/>
    <nd ref="766296760"/>
    <tag k="cycleway:both" v="no"/>
    <tag k="highway" v="tertiary"/>
    <tag k="lanes" v="2"/>
    <tag k="lit" v="yes"/>
    <tag k="maxspeed" v="30"/>
    <tag k="name" v="Avenida de Romero Donallo"/>
    <tag k="name:etymology:wikidata" v="Q12388351"/>
    <tag k="oneway" v="yes"/>
    <tag k="sidewalk" v="right"/>
    <tag k="surface" v="asphalt"/>
  </way>
  <way id="52288289">
    <nd ref="766296988"/>
    <nd ref="766472599"/>
    <nd ref="665416798"/>
    <nd ref="766296865"/>
    <tag k="highway" v="trunk_link"/>
    <tag k="lane_markings" v="yes"/>
    <tag k="lanes" v="1"/>
    <tag k="motorroad" v="yes"/>
    <tag k="name" v="Avenida de Antonio Fraguas"/>
    <tag k="name:etymology:wikidata" v="Q8201228"/>
    <tag k="oneway" v="yes"/>
    <tag k="sidewalk" v="right"/>
    <tag k="surface" v="asphalt"/>
  </way>
  <way id="52288293">
    <nd ref="764917051"/>
    <nd ref="1030022698"/>
    <nd ref="764235285"/>
    <nd ref="4041728825"/>
    <nd ref="764912881"/>
    <nd ref="1030022650"/>
    <nd ref="1272130019"/>
    <tag k="highway" v="primary"/>
    <tag k="lanes" v="2"/>
    <tag k="lit" v="yes"/>
    <tag k="maxspeed" v="30"/>
    <tag k="name" v="Avenida de Romero Donallo"/>
    <tag k="name:etymology:wikidata" v="Q12388351"/>
    <tag k="oneway" v="yes"/>
    <tag k="sidewalk" v="right"/>
    <tag k="surface" v="asphalt"/>
  </way>
  <way id="52288294">
    <nd ref="1890177123"/>
    <nd ref="1180818614"/>
    <nd ref="1183392212"/>
    <nd ref="993337306"/>
    <tag k="cycleway:both" v="no"/>
    <tag k="highway" v="tertiary"/>
    <tag k="lanes" v="2"/>
    <tag k="lit" v="yes"/>
    <tag k="maxspeed" v="30"/>
    <tag k="name" v="Avenida de Romero Donallo"/>
    <tag k="name:etymology:wikidata" v="Q12388351"/>
    <tag k="oneway" v="yes"/>
    <tag k="sidewalk:left" v="no"/>
    <tag k="sidewalk:right" v="separate"/>
    <tag k="surface" v="asphalt"/>
    <tag k="turn:lanes" v="through|right"/>
  </way>
  <way id="52288296">
    <nd ref="764916049"/>
    <nd ref="766297039"/>
    <nd ref="766297047"/>
    <nd ref="766297037"/>
    <nd ref="766297054"/>
    <nd ref="764912089"/>
    <tag k="cycleway:both" v="no"/>
    <tag k="highway" v="residential"/>
    <tag k="lanes" v="1"/>
    <tag k="lit" v="yes"/>
    <tag k="maxspeed" v="30"/>
    <tag k="name" v="Praza de Vigo"/>
    <tag k="name:es" v="Plaza de Vigo"/>
    <tag k="name:etymology:wikidata" v="Q8745"/>
    <tag k="name:gl" v="Praza de Vigo"/>
    <tag k="oneway" v="yes"/>
    <tag k="sidewalk" v="right"/>
    <tag k="surface" v="concrete"/>
  </way>
  <way id="52290240">
    <nd ref="670738100"/>
    <nd ref="1314209556"/>
    <nd ref="2129062149"/>
    <nd ref="2129062155"/>
    <nd ref="764939814"/>
    <nd ref="764910433"/>
    <tag k="cycleway:left" v="shared_lane"/>
    <tag k="cycleway:left:lane" v="pictogram"/>
    <tag k="highway" v="residential"/>
    <tag k="lanes" v="2"/>
    <tag k="lanes:bus" v="1"/>
    <tag k="lit" v="yes"/>
    <tag k="maxspeed" v="30"/>
    <tag k="name" v="Rúa da Rosa"/>
    <tag k="oneway" v="yes"/>
    <tag k="parking:right" v="yes"/>
    <tag k="parking:right:orientation" v="parallel"/>
    <tag k="sidewalk" v="both"/>
    <tag k="surface" v="asphalt"/>
  </way>
  <way id="52290242">
    <nd ref="10665789401"/>
    <nd ref="4286857284"/>
    <nd ref="764235713"/>
    <nd ref="4286857282"/>
    <nd ref="1954824745"/>
    <nd ref="535294434"/>
    <tag k="cycleway" v="shared_lane"/>
    <tag k="cycleway:lane" v="pictogram"/>
    <tag k="highway" v="residential"/>
    <tag k="horse" v="no"/>
    <tag k="lanes" v="1"/>
    <tag k="lit" v="yes"/>
    <tag k="maxspeed" v="30"/>
    <tag k="name" v="Rúa da República de El Salvador"/>
    <tag k="name:es" v="Calle de la República de El Salvador"/>
    <tag k="name:etymology:wikidata" v="Q792"/>
    <tag k="name:gl" v="Rúa da República de El Salvador"/>
    <tag k="oneway" v="yes"/>
    <tag k="sidewalk" v="both"/>
    <tag k="sidewalk:both:surface" v="paving_stones"/>
    <tag k="surface" v="asphalt"/>
  </way>
  <way id="52928108">
    <nd ref="766473402"/>
    <nd ref="12783494219"/>
    <nd ref="10604150365"/>
    <nd ref="766473411"/>
    <nd ref="12783494216"/>
    <nd ref="764937237"/>
    <tag k="highway" v="residential"/>
    <tag k="lanes" v="2"/>
    <tag k="lit" v="yes"/>
    <tag k="maxspeed" v="30"/>
    <tag k="name" v="Rúa da Senra"/>
    <tag k="oneway" v="yes"/>
    <tag k="sidewalk" v="separate"/>
    <tag k="surface" v="sett"/>
    <tag k="turn:lanes:forward" v="left|through"/>
  </way>
  <way id="61049991">
    <nd ref="764933087"/>
    <nd ref="1981579629"/>
    <nd ref="283129881"/>
    <nd ref="764236461"/>
    <tag k="highway" v="residential"/>
    <tag k="lanes" v="1"/>
    <tag k="lit" v="yes"/>
    <tag k="maxspeed" v="30"/>
    <tag k="name" v="Rúa de Laverde Ruiz"/>
    <tag k="name:etymology:wikidata" v="Q2894543"/>
    <tag k="oneway" v="yes"/>
    <tag k="sidewalk:both" v="separate"/>
    <tag k="sidewalk:both:surface" v="paving_stones"/>
    <tag k="surface" v="asphalt"/>
  </way>
  <way id="61050039">
    <nd ref="766473416"/>
    <nd ref="1124885401"/>
    <nd ref="4162222953"/>
    <nd ref="766498406"/>
    <tag k="highway" v="residential"/>
    <tag k="lanes" v="1"/>
    <tag k="lit" v="yes"/>
    <tag k="maxspeed" v="30"/>
    <tag k="name" v="Rúa de Santiago de Guayaquil"/>
    <tag k="name:etymology:wikidata" v="Q43509"/>
    <tag k="oneway" v="yes"/>
    <tag k="sidewalk:both" v="separate"/>
    <tag k="surface" v="asphalt"/>
  </way>
  <way id="72454552">
    <nd ref="860249650"/>
    <nd ref="1392852132"/>
    <nd ref="1777201351"/>
    <nd ref="1777201352"/>
    <tag k="highway" v="residential"/>
    <tag k="lanes" v="1"/>
    <tag k="lit" v="yes"/>
    <tag k="maxspeed" v="30"/>
    <tag k="name" v="Rúa de Manuel Beiras"/>
    <tag k="name:etymology:wikidata" v="Q9027631"/>
    <tag k="oneway" v="yes"/>
    <tag k="sidewalk" v="separate"/>
    <tag k="surface" v="asphalt"/>
  </way>
  <way id="72455817">
    <nd ref="860249650"/>
    <nd ref="10989188694"/>
    <nd ref="1428415713"/>
    <nd ref="938617572"/>
    <nd ref="3738400288"/>
    <nd ref="3738400295"/>
    <nd ref="1124201412"/>
    <nd ref="938472009"/>
    <tag k="highway" v="residential"/>
    <tag k="lanes" v="2"/>
    <tag k="lit" v="yes"/>
    <tag k="maxspeed" v="30"/>
    <tag k="name" v="Rúa de Manuel Beiras"/>
    <tag k="name:etymology:wikidata" v="Q9027631"/>
    <tag k="oneway" v="no"/>
    <tag k="surface" v="asphalt"/>
  </way>
  <way id="77417752">
    <nd ref="283126075"/>
    <nd ref="4284468663"/>
    <nd ref="3738433907"/>
    <nd ref="914045269"/>
    <nd ref="4236712747"/>
    <nd ref="13381072456"/>
    <nd ref="766472723"/>
    <tag k="cycleway" v="shared_lane"/>
    <tag k="cycleway:lane" v="pictogram"/>
    <tag k="highway" v="residential"/>
    <tag k="lanes" v="1"/>
    <tag k="lit" v="yes"/>
    <tag k="maxspeed" v="30"/>
    <tag k="name" v="Rúa de Ramón Cabanillas"/>
    <tag k="name:etymology:wikidata" v="Q602214"/>
    <tag k="oneway" v="yes"/>
    <tag k="parking:lane:right" v="parallel"/>
    <tag k="sidewalk" v="both"/>
    <tag k="surface" v="asphalt"/>
  </way>
  <way id="77432809">
    <nd ref="1272152901"/>
    <nd ref="9932492168"/>
    <nd ref="1272165729"/>
    <nd ref="1183392468"/>
    <nd ref="56541838"/>
    <nd ref="9932492167"/>
    <nd ref="4162222949"/>
    <nd ref="79539350"/>
    <tag k="cycleway:both" v="no"/>
    <tag k="highway" v="tertiary"/>
    <tag k="lanes" v="2"/>
    <tag k="lit" v="yes"/>
    <tag k="maxspeed" v="30"/>
    <tag k="name" v="Avenida de Rosalía de Castro"/>
    <tag k="name:etymology:wikidata" v="Q464264"/>
    <tag k="old_name" v="O Camiño Novo"/>
    <tag k="oneway" v="no"/>
    <tag k="sidewalk" v="both"/>
    <tag k="surface" v="asphalt"/>
  </way>
  <way id="77433339">
    <nd ref="764917640"/>
    <nd ref="1777209287"/>
    <nd ref="1777201355"/>
    <nd ref="766296602"/>
    <nd ref="764917324"/>
    <nd ref="1735556477"/>
    <nd ref="1117832715"/>
    <tag k="highway" v="residential"/>
    <tag k="lanes" v="1"/>
    <tag k="lit" v="yes"/>
    <tag k="maxspeed" v="30"/>
    <tag k="name" v="Rúa do Doutor Maceira"/>
    <tag k="name:es" v="Calle del Doctor Maceira"/>
    <tag k="name:gl" v="Rúa do Doutor Maceira"/>
    <tag k="old_name" v="Corredoira de Carolo"/>
    <tag k="oneway" v="yes"/>
    <tag k="sidewalk" v="both"/>
    <tag k="surface" v="concrete"/>
  </way>
  <way id="77544173">
    <nd ref="764236431"/>
    <nd ref="3771229731"/>
    <nd ref="766298118"/>
    <tag k="cycleway:both" v="no"/>
    <tag k="highway" v="tertiary"/>
    <tag k="lanes" v="3"/>
    <tag k="lanes:backward" v="2"/>
    <tag k="lanes:forward" v="1"/>
    <tag k="lit" v="yes"/>
    <tag k="maxspeed" v="30"/>
    <tag k="name" v="Rúa do Hórreo"/>
    <tag k="name:es" v="Calle del Hórreo"/>
    <tag k="name:gl" v="Rúa do Hórreo"/>
    <tag k="oneway" v="no"/>
    <tag k="sidewalk" v="separate"/>
    <tag k="surface" v="asphalt"/>
  </way>
  <way id="77594390">
    <nd ref="860249653"/>
    <nd ref="860249664"/>
    <nd ref="1777201356"/>
    <nd ref="1428415732"/>
    <nd ref="3738440297"/>
    <nd ref="10989188695"/>
    <nd ref="860249650"/>
    <tag k="highway" v="residential"/>
    <tag k="lanes" v="2"/>
    <tag k="lit" v="yes"/>
    <tag k="maxspeed" v="30"/>
    <tag k="name" v="Rúa do Escultor Camilo Otero"/>
    <tag k="name:etymology:wikidata" v="Q47509239"/>
    <tag k="oneway" v="no"/>
    <tag k="surface" v="asphalt"/>
  </way>
  <way id="77702883">
    <nd ref="79539326"/>
    <nd ref="913996692"/>
    <nd ref="913996689"/>
    <nd ref="2445869008"/>
    <nd ref="1324141923"/>
    <nd ref="913996685"/>
    <nd ref="913996684"/>
    <nd ref="1461755228"/>
    <nd ref="913996683"/>
    <nd ref="913996682"/>
    <nd ref="913996681"/>
    <nd ref="913996679"/>
    <nd ref="1324141856"/>
    <nd ref="913996676"/>
    <tag k="bicycle" v="no"/>
    <tag k="foot" v="no"/>
    <tag k="hazmat" v="designated"/>
    <tag k="highway" v="trunk"/>
    <tag k="lanes" v="2"/>
    <tag k="layer" v="-1"/>
    <tag k="lit" v="yes"/>
    <tag k="maxheight" v="5"/>
    <tag k="maxspeed" v="50"/>
    <tag k="name" v="Túnel do Hórreo"/>
    <tag k="name:es" v="Túnel del Hórreo"/>
    <tag k="name:gl" v="Túnel do Hórreo"/>
    <tag k="old_ref" v="N-550"/>
    <tag k="oneway" v="yes"/>
    <tag k="overtaking:hgv" v="no"/>
    <tag k="ref" v="SC-20"/>
    <tag k="ref:colour" v="red"/>
    <tag k="ref:colour_tx" v="white"/>
    <tag k="sidewalk" v="no"/>
    <tag k="surface" v="asphalt"/>
    <tag k="traffic_sign" v="ES:R-413"/>
    <tag k="tunnel" v="yes"/>
    <tag k="width" v="6"/>
  </way>
  <way id="78595880">
    <nd ref="1197196924"/>
    <nd ref="911320064"/>
    <nd ref="1197196654"/>
    <nd ref="11020788209"/>
    <nd ref="764915293"/>
    <nd ref="11851119392"/>
    <nd ref="1197196587"/>
    <tag k="cycleway" v="shared_lane"/>
    <tag k="cycleway:lane" v="pictogram"/>
    <tag k="highway" v="residential"/>
    <tag k="lanes" v="1"/>
    <tag k="lit" v="yes"/>
    <tag k="maxspeed" v="20"/>
    <tag k="name" v="Rúa dos Feáns"/>
    <tag k="oneway" v="yes"/>
    <tag k="sidewalk" v="separate"/>
    <tag k="surface" v="asphalt"/>
  </way>
  <way id="79717956">
    <nd ref="3960353735"/>
    <nd ref="4162222942"/>
    <nd ref="4162222941"/>
    <nd ref="283126094"/>
    <tag k="cycleway" v="shared_lane"/>
    <tag k="cycleway:lane" v="pictogram"/>
    <tag k="highway" v="residential"/>
    <tag k="lanes" v="1"/>
    <tag k="lit" v="yes"/>
    <tag k="maxspeed" v="30"/>
    <tag k="name" v="Rúa de Montero Ríos"/>
    <tag k="name:etymology:wikidata" v="Q662588"/>
    <tag k="oneway" v="yes"/>
    <tag k="sidewalk" v="both"/>
    <tag k="sidewalk:both:surface" v="paving_stones"/>
    <tag k="source:width" v="ARCore"/>
    <tag k="surface" v="asphalt"/>
    <tag k="width" v="3.4"/>
  </way>
  <way id="82330254">
    <nd ref="2189008819"/>
    <nd ref="144371502"/>
    <nd ref="11284425680"/>
    <nd ref="144371511"/>
    <nd ref="764235218"/>
    <tag k="highway" v="primary"/>
    <tag k="lanes" v="2"/>
    <tag k="maxspeed" v="30"/>
    <tag k="name" v="Rúa do Hórreo"/>
    <tag k="oneway" v="yes"/>
    <tag k="surface" v="asphalt"/>
  </way>
  <way id="82800386">
    <nd ref="7840418025"/>
    <nd ref="56541750"/>
    <tag k="cycleway:both" v="no"/>
    <tag k="highway" v="tertiary"/>
    <tag k="lanes" v="3"/>
    <tag k="lanes:backward" v="1"/>
    <tag k="lanes:forward" v="2"/>
    <tag k="lit" v="yes"/>
    <tag k="maxspeed" v="30"/>
    <tag k="name" v="Avenida Xoán Carlos I"/>
    <tag k="name:etymology:wikidata" v="Q19943"/>
    <tag k="oneway" v="no"/>
    <tag k="sidewalk" v="both"/>
    <tag k="surface" v="asphalt"/>
  </way>
  <way id="83279270">
    <nd ref="968960665"/>
    <nd ref="968962221"/>
    <tag k="cycleway:both" v="no"/>
    <tag k="foot" v="no"/>
    <tag k="highway" v="primary"/>
    <tag k="lanes" v="2"/>
    <tag k="lit" v="yes"/>
    <tag k="maxspeed" v="30"/>
    <tag k="name" v="Avenida de Romero Donallo"/>
    <tag k="name:etymology:wikidata" v="Q12388351"/>
    <tag k="oneway" v="no"/>
    <tag k="sidewalk" v="no"/>
    <tag k="surface" v="asphalt"/>
  </way>
  <way id="83962912">
    <nd ref="79538575"/>
    <nd ref="2130592217"/>
    <nd ref="4973579904"/>
    <nd ref="4973579906"/>
    <nd ref="977120291"/>
    <nd ref="9597817829"/>
    <nd ref="9597817830"/>
    <nd ref="1340605000"/>
    <nd ref="442594635"/>
    <nd ref="11851119389"/>
    <nd ref="442594634"/>
    <nd ref="918157630"/>
    <nd ref="11851119390"/>
    <nd ref="764912699"/>
    <nd ref="2133056095"/>
    <nd ref="2133056108"/>
    <nd ref="933644879"/>
    <nd ref="11020757199"/>
    <nd ref="1197196658"/>
    <nd ref="11020757200"/>
    <tag k="cycleway" v="shared_lane"/>
    <tag k="cycleway:lane" v="pictogram"/>
    <tag k="highway" v="residential"/>
    <tag k="lanes" v="1"/>
    <tag k="maxspeed" v="20"/>
    <tag k="maxspeed:type" v="sign"/>
    <tag k="name" v="Avenida de Vigo"/>
    <tag k="name:etymology:wikidata" v="Q8745"/>
    <tag k="oneway" v="yes"/>
    <tag k="surface" v="concrete"/>
  </way>
  <way id="84541682">
    <nd ref="56542469"/>
    <nd ref="12160559577"/>
    <nd ref="982366143"/>
    <nd ref="982366115"/>
    <nd ref="4309591485"/>
    <nd ref="982366126"/>
    <nd ref="9932492158"/>
    <nd ref="9932492157"/>
    <nd ref="982366131"/>
    <tag k="foot" v="no"/>
    <tag k="highway" v="tertiary"/>
    <tag k="lanes" v="2"/>
    <tag k="lit" v="yes"/>
    <tag k="name" v="Campo da Estrela"/>
    <tag k="oneway" v="yes"/>
    <tag k="sidewalk" v="no"/>
    <tag k="surface" v="asphalt"/>
  </way>
  <way id="84541684">
    <nd ref="766473457"/>
    <nd ref="1183392716"/>
    <nd ref="4309591485"/>
    <nd ref="982366135"/>
    <nd ref="982366106"/>
    <nd ref="982366122"/>
    <tag k="foot" v="no"/>
    <tag k="highway" v="tertiary"/>
    <tag k="lanes" v="2"/>
    <tag k="lit" v="yes"/>
    <tag k="name" v="Campo da Estrela"/>
    <tag k="oneway" v="yes"/>
    <tag k="sidewalk" v="no"/>
    <tag k="surface" v="asphalt"/>
  </way>
  <way id="84542219">
    <nd ref="764916318"/>
    <nd ref="10604150373"/>
    <nd ref="10604150374"/>
    <nd ref="982366120"/>
    <nd ref="982366131"/>
    <tag k="foot" v="no"/>
    <tag k="highway" v="tertiary"/>
    <tag k="lanes" v="2"/>
    <tag k="lit" v="yes"/>
    <tag k="name" v="Campo da Estrela"/>
    <tag k="oneway" v="yes"/>
    <tag k="sidewalk" v="no"/>
    <tag k="surface" v="asphalt"/>
  </way>
  <way id="86263632">
    <nd ref="4309591485"/>
    <nd ref="9932492162"/>
    <nd ref="56542129"/>
    <nd ref="56541730"/>
    <nd ref="982368333"/>
    <tag k="foot" v="no"/>
    <tag k="highway" v="tertiary"/>
    <tag k="lanes" v="2"/>
    <tag k="lit" v="yes"/>
    <tag k="name" v="Campo da Estrela"/>
    <tag k="oneway" v="yes"/>
    <tag k="sidewalk" v="no"/>
    <tag k="surface" v="asphalt"/>
  </way>
  <way id="102469312">
    <nd ref="3719435689"/>
    <nd ref="3719435690"/>
    <nd ref="665429049"/>
    <nd ref="1890170985"/>
    <tag k="cycleway" v="shared_lane"/>
    <tag k="cycleway:lane" v="pictogram"/>
    <tag k="highway" v="residential"/>
    <tag k="lanes" v="1"/>
    <tag k="lit" v="yes"/>
    <tag k="maxspeed" v="30"/>
    <tag k="name" v="Praza Roxa"/>
    <tag k="name:es" v="Plaza Roja"/>
    <tag k="name:gl" v="Praza Roxa"/>
    <tag k="oneway" v="yes"/>
    <tag k="sidewalk" v="separate"/>
    <tag k="surface" v="asphalt"/>
  </way>
  <way id="103695078">
    <nd ref="11020757197"/>
    <nd ref="1197196340"/>
    <nd ref="2689995075"/>
    <nd ref="1197196530"/>
    <nd ref="911320069"/>
    <tag k="highway" v="residential"/>
    <tag k="lanes" v="2"/>
    <tag k="lit" v="yes"/>
    <tag k="maxspeed" v="20"/>
    <tag k="name" v="Rúa dos Feáns"/>
    <tag k="oneway" v="no"/>
    <tag k="sidewalk" v="both"/>
    <tag k="surface" v="asphalt"/>
  </way>
  <way id="103695115">
    <nd ref="911320069"/>
    <nd ref="911320068"/>
    <nd ref="911320067"/>
    <nd ref="11020757186"/>
    <nd ref="11020757187"/>
    <nd ref="11020757188"/>
    <nd ref="1197196043"/>
    <nd ref="11020757189"/>
    <nd ref="11020757190"/>
    <nd ref="3719456515"/>
    <nd ref="11020757191"/>
    <nd ref="1197196527"/>
    <nd ref="1197196656"/>
    <nd ref="911320069"/>
    <tag k="highway" v="residential"/>
    <tag k="lanes" v="1"/>
    <tag k="lit" v="yes"/>
    <tag k="maxspeed" v="20"/>
    <tag k="name" v="Rúa dos Feáns"/>
    <tag k="oneway" v="yes"/>
    <tag k="sidewalk" v="right"/>
    <tag k="surface" v="asphalt"/>
  </way>
  <way id="111711915">
    <nd ref="1272118744"/>
    <nd ref="1272118741"/>
    <nd ref="1272118743"/>
    <nd ref="1272118742"/>
    <nd ref="1272130180"/>
    <nd ref="1272130019"/>
    <tag k="cycleway:both" v="no"/>
    <tag k="foot" v="no"/>
    <tag k="highway" v="residential"/>
    <tag k="lanes" v="1"/>
    <tag k="name" v="Avenida de Romero Donallo"/>
    <tag k="name:etymology:wikidata" v="Q12388351"/>
    <tag k="oneway" v="yes"/>
    <tag k="sidewalk" v="no"/>
    <tag k="surface" v="asphalt"/>
  </way>
  <way id="111713909">
    <nd ref="968960665"/>
    <nd ref="993337306"/>
    <tag k="cycleway:right" v="no"/>
    <tag k="foot" v="no"/>
    <tag k="highway" v="primary"/>
    <tag k="name" v="Avenida de Romero Donallo"/>
    <tag k="name:etymology:wikidata" v="Q12388351"/>
    <tag k="oneway" v="yes"/>
    <tag k="sidewalk" v="no"/>
    <tag k="surface" v="asphalt"/>
  </way>
  <way id="111717691">
    <nd ref="766296992"/>
    <nd ref="993337315"/>
    <tag k="cycleway:both" v="no"/>
    <tag k="highway" v="primary_link"/>
    <tag k="lane_markings" v="no"/>
    <tag k="oneway" v="yes"/>
    <tag k="surface" v="asphalt"/>
  </way>
  <way id="111718023">
    <nd ref="1272127497"/>
    <nd ref="968960665"/>
    <tag k="cycleway:both" v="no"/>
    <tag k="foot" v="no"/>
    <tag k="highway" v="primary"/>
    <tag k="name" v="Avenida de Romero Donallo"/>
    <tag k="name:etymology:wikidata" v="Q12388351"/>
    <tag k="oneway" v="yes"/>
    <tag k="sidewalk" v="no"/>
    <tag k="surface" v="asphalt"/>
  </way>
  <way id="111718024">
    <nd ref="766296992"/>
    <nd ref="1272127497"/>
    <tag k="cycleway:both" v="no"/>
    <tag k="highway" v="primary"/>
    <tag k="lane_markings" v="no"/>
    <tag k="maxspeed" v="30"/>
    <tag k="name" v="Avenida de Romero Donallo"/>
    <tag k="name:etymology:wikidata" v="Q12388351"/>
    <tag k="oneway" v="yes"/>
    <tag k="sidewalk" v="separate"/>
    <tag k="surface" v="asphalt"/>
  </way>
  <way id="111719124">
    <nd ref="764937237"/>
    <nd ref="766473457"/>
    <tag k="highway" v="tertiary"/>
    <tag k="lanes" v="2"/>
    <tag k="lit" v="yes"/>
    <tag k="name" v="Rúa da Senra"/>
    <tag k="oneway" v="yes"/>
    <tag k="sidewalk" v="right"/>
    <tag k="surface" v="asphalt"/>
  </way>
  <way id="111719526">
    <nd ref="79539378"/>
    <nd ref="764903730"/>
    <tag k="highway" v="residential"/>
    <tag k="lane_markings" v="no"/>
    <tag k="lit" v="yes"/>
    <tag k="maxspeed" v="30"/>
    <tag k="name" v="Rúa de Montero Ríos"/>
    <tag k="name:etymology:wikidata" v="Q662588"/>
    <tag k="oneway" v="no"/>
    <tag k="sidewalk" v="both"/>
    <tag k="sidewalk:both:surface" v="paving_stones"/>
    <tag k="surface" v="asphalt"/>
  </way>
  <way id="111719790">
    <nd ref="1272141567"/>
    <nd ref="10604150377"/>
    <nd ref="1272141566"/>
    <nd ref="1272141569"/>
    <nd ref="1272141564"/>
    <nd ref="1272141565"/>
    <nd ref="1272141568"/>
    <nd ref="3110954032"/>
    <nd ref="1272141563"/>
    <tag k="highway" v="tertiary_link"/>
    <tag k="lanes" v="1"/>
    <tag k="oneway" v="yes"/>
    <tag k="surface" v="asphalt"/>
  </way>
  <way id="111719908">
    <nd ref="79539350"/>
    <nd ref="4162222948"/>
    <nd ref="283126100"/>
    <nd ref="5904929487"/>
    <nd ref="5259767018"/>
    <nd ref="1183392394"/>
    <tag k="cycleway" v="shared_lane"/>
    <tag k="cycleway:lane" v="pictogram"/>
    <tag k="highway" v="residential"/>
    <tag k="incline" v="down"/>
    <tag k="lanes" v="1"/>
    <tag k="lit" v="yes"/>
    <tag k="maxspeed" v="30"/>
    <tag k="maxspeed:type" v="sign"/>
    <tag k="name" v="Rúa da Rapa da Folla"/>
    <tag k="oneway" v="yes"/>
    <tag k="sidewalk" v="both"/>
    <tag k="source:width" v="ARCore"/>
    <tag k="surface" v="asphalt"/>
    <tag k="width" v="2.8"/>
  </way>
  <way id="111720086">
    <nd ref="4162222945"/>
    <nd ref="4781929205"/>
    <nd ref="766472887"/>
    <nd ref="1272144803"/>
    <nd ref="3960353735"/>
    <tag k="cycleway" v="shared_lane"/>
    <tag k="cycleway:lane" v="pictogram"/>
    <tag k="highway" v="residential"/>
    <tag k="lanes" v="1"/>
    <tag k="lit" v="yes"/>
    <tag k="maxspeed" v="30"/>
    <tag k="name" v="Rúa de Montero Ríos"/>
    <tag k="name:etymology:wikidata" v="Q662588"/>
    <tag k="oneway" v="yes"/>
    <tag k="sidewalk" v="right"/>
    <tag k="surface" v="asphalt"/>
  </way>
  <way id="111720995">
    <nd ref="764235704"/>
    <nd ref="4162222944"/>
    <nd ref="1183392261"/>
    <nd ref="187208185"/>
    <nd ref="1183391129"/>
    <nd ref="1272152901"/>
    <tag k="cycleway" v="shared_lane"/>
    <tag k="cycleway:lane" v="pictogram"/>
    <tag k="highway" v="residential"/>
    <tag k="lanes" v="1"/>
    <tag k="lit" v="yes"/>
    <tag k="maxspeed" v="30"/>
    <tag k="name" v="Rúa de Montero Ríos"/>
    <tag k="name:etymology:wikidata" v="Q662588"/>
    <tag k="oneway" v="yes"/>
    <tag k="sidewalk" v="both"/>
    <tag k="surface" v="asphalt"/>
  </way>
  <way id="111721354">
    <nd ref="993337306"/>
    <nd ref="993337315"/>
    <tag k="cycleway:both" v="no"/>
    <tag k="highway" v="primary"/>
    <tag k="lanes" v="2"/>
    <tag k="lit" v="yes"/>
    <tag k="maxspeed" v="30"/>
    <tag k="name" v="Avenida de Romero Donallo"/>
    <tag k="name:etymology:wikidata" v="Q12388351"/>
    <tag k="oneway" v="yes"/>
    <tag k="surface" v="asphalt"/>
  </way>
  <way id="114011302">
    <nd ref="913996676"/>
    <nd ref="913996674"/>
    <nd ref="1292111395"/>
    <nd ref="7091843493"/>
    <nd ref="144365029"/>
    <tag k="hazmat" v="designated"/>
    <tag k="highway" v="trunk"/>
    <tag k="lanes" v="2"/>
    <tag k="maxspeed" v="50"/>
    <tag k="maxspeed:lanes" v="50|40"/>
    <tag k="motorroad" v="yes"/>
    <tag k="name" v="Túnel do Hórreo"/>
    <tag k="old_ref" v="N-550"/>
    <tag k="oneway" v="yes"/>
    <tag k="ref" v="SC-20"/>
    <tag k="surface" v="asphalt"/>
  </way>
  <way id="114011303">
    <nd ref="1292177047"/>
    <nd ref="1292177680"/>
    <nd ref="8760377637"/>
    <nd ref="8760377638"/>
    <nd ref="1324141929"/>
    <tag k="highway" v="secondary"/>
    <tag k="lanes" v="2"/>
    <tag k="name" v="Avenida de Lugo"/>
    <tag k="name:etymology:wikidata" v="Q31917885"/>
    <tag k="old_ref" v="N-550"/>
    <tag k="oneway" v="yes"/>
    <tag k="sidewalk:left" v="no"/>
    <tag k="sidewalk:right" v="separate"/>
    <tag k="surface" v="asphalt"/>
  </way>
  <way id="114018275">
    <nd ref="1324141883"/>
    <nd ref="2445869009"/>
    <nd ref="8760377636"/>
    <nd ref="1292176787"/>
    <nd ref="2445869010"/>
    <tag k="highway" v="secondary"/>
    <tag k="lanes" v="2"/>
    <tag k="lit" v="yes"/>
    <tag k="maxspeed" v="30"/>
    <tag k="name" v="Avenida de Lugo"/>
    <tag k="name:etymology:wikidata" v="Q31917885"/>
    <tag k="oneway" v="yes"/>
    <tag k="sidewalk" v="right"/>
    <tag k="sidewalk:right:surface" v="paving_stones"/>
    <tag k="surface" v="asphalt"/>
  </way>
  <way id="116612338">
    <nd ref="764236411"/>
    <nd ref="1314209607"/>
    <tag k="cycleway:both" v="no"/>
    <tag k="highway" v="residential"/>
    <tag k="lanes" v="2"/>
    <tag k="lit" v="yes"/>
    <tag k="maxspeed" v="30"/>
    <tag k="name" v="Praza do Doutor Puente Castro"/>
    <tag k="name:etymology:wikidata" v="Q20535268"/>
    <tag k="oneway" v="yes"/>
    <tag k="sidewalk" v="right"/>
    <tag k="surface" v="asphalt"/>
  </way>
  <way id="116612341">
    <nd ref="764940956"/>
    <nd ref="1314209574"/>
    <nd ref="4162222921"/>
    <nd ref="670738095"/>
    <tag k="cycleway:both" v="no"/>
    <tag k="highway" v="residential"/>
    <tag k="lanes" v="1"/>
    <tag k="lit" v="yes"/>
    <tag k="maxspeed" v="30"/>
    <tag k="name" v="Praza do Doutor Puente Castro"/>
    <tag k="name:etymology:wikidata" v="Q20535268"/>
    <tag k="oneway" v="yes"/>
    <tag k="sidewalk" v="right"/>
    <tag k="surface" v="asphalt"/>
  </way>
  <way id="116612343">
    <nd ref="1954824740"/>
    <nd ref="11992278409"/>
    <nd ref="1981579632"/>
    <nd ref="10307699609"/>
    <nd ref="764236431"/>
    <tag k="cycleway" v="no"/>
    <tag k="highway" v="residential"/>
    <tag k="lanes" v="2"/>
    <tag k="lit" v="yes"/>
    <tag k="maxspeed" v="30"/>
    <tag k="name" v="Rúa da República Arxentina"/>
    <tag k="name:es" v="Calle de la República Argentina"/>
    <tag k="name:etymology:wikidata" v="Q414"/>
    <tag k="name:gl" v="Rúa da República Arxentina"/>
    <tag k="oneway" v="yes"/>
    <tag k="sidewalk" v="both"/>
    <tag k="surface" v="asphalt"/>
  </way>
  <way id="116612346">
    <nd ref="766473264"/>
    <nd ref="11992278408"/>
    <nd ref="1314209602"/>
    <nd ref="766473257"/>
    <tag k="cycleway:both" v="no"/>
    <tag k="highway" v="residential"/>
    <tag k="lanes" v="1"/>
    <tag k="maxspeed" v="30"/>
    <tag k="name" v="Praza do Doutor Puente Castro"/>
    <tag k="name:etymology:wikidata" v="Q20535268"/>
    <tag k="oneway" v="yes"/>
    <tag k="sidewalk" v="left"/>
    <tag k="surface" v="asphalt"/>
  </way>
  <way id="116612353">
    <nd ref="766473264"/>
    <nd ref="1314209577"/>
    <nd ref="1314209581"/>
    <nd ref="764940956"/>
    <tag k="cycleway:both" v="no"/>
    <tag k="highway" v="residential"/>
    <tag k="lanes" v="1"/>
    <tag k="lit" v="yes"/>
    <tag k="maxspeed" v="30"/>
    <tag k="name" v="Praza do Doutor Puente Castro"/>
    <tag k="name:etymology:wikidata" v="Q20535268"/>
    <tag k="oneway" v="yes"/>
    <tag k="sidewalk" v="right"/>
    <tag k="surface" v="asphalt"/>
  </way>
  <way id="117559964">
    <nd ref="11758140388"/>
    <nd ref="11758140389"/>
    <nd ref="1324141914"/>
    <nd ref="1324141909"/>
    <tag k="highway" v="tertiary"/>
    <tag k="lanes" v="2"/>
    <tag k="lit" v="yes"/>
    <tag k="maxspeed" v="30"/>
    <tag k="name" v="Rúa do Hórreo"/>
    <tag k="oneway" v="yes"/>
    <tag k="sidewalk" v="right"/>
    <tag k="sidewalk:right:surface" v="paving_stones"/>
    <tag k="surface" v="asphalt"/>
  </way>
  <way id="117559966">
    <nd ref="144350647"/>
    <nd ref="144350653"/>
    <nd ref="144364858"/>
    <nd ref="144364863"/>
    <tag k="destination" v="Centro cidade;Parlamento de Galicia"/>
    <tag k="highway" v="trunk_link"/>
    <tag k="maxspeed" v="50"/>
    <tag k="motorroad" v="yes"/>
    <tag k="name" v="Avenida de Antonio Fraguas"/>
    <tag k="name:etymology:wikidata" v="Q8201228"/>
    <tag k="old_ref" v="N-550"/>
    <tag k="oneway" v="yes"/>
    <tag k="ref" v="SC-20"/>
    <tag k="surface" v="asphalt"/>
  </way>
  <way id="117559967">
    <nd ref="144350647"/>
    <nd ref="1292111384"/>
    <nd ref="7091843495"/>
    <nd ref="1324141933"/>
    <tag k="destination" v="Túnel do Hórreo;Oviedo-Lugo;Ferrocarril;A Coruña;Polígonos industriales"/>
    <tag k="destination:ref" v="A-54;E-1;AP-9;N-550"/>
    <tag k="hazmat" v="designated"/>
    <tag k="highway" v="trunk"/>
    <tag k="lanes" v="2"/>
    <tag k="maxspeed" v="50"/>
    <tag k="motorroad" v="yes"/>
    <tag k="name" v="Túnel do Hórreo"/>
    <tag k="old_ref" v="N-550"/>
    <tag k="oneway" v="yes"/>
    <tag k="ref" v="SC-20"/>
    <tag k="surface" v="asphalt"/>
  </way>
  <way id="117559968">
    <nd ref="1324141933"/>
    <nd ref="1324141903"/>
    <nd ref="1324141896"/>
    <nd ref="1324141901"/>
    <nd ref="1324141870"/>
    <nd ref="13526267191"/>
    <nd ref="1324141939"/>
    <nd ref="1324141899"/>
    <nd ref="1324141935"/>
    <nd ref="1324141912"/>
    <nd ref="1324141908"/>
    <nd ref="1324141927"/>
    <nd ref="1324141924"/>
    <nd ref="1324141920"/>
    <nd ref="1324141913"/>
    <tag k="bicycle" v="no"/>
    <tag k="foot" v="no"/>
    <tag k="hazmat" v="designated"/>
    <tag k="highway" v="trunk"/>
    <tag k="lanes" v="2"/>
    <tag k="layer" v="-1"/>
    <tag k="lit" v="yes"/>
    <tag k="maxheight" v="5"/>
    <tag k="maxspeed" v="50"/>
    <tag k="name" v="Túnel do Hórreo"/>
    <tag k="name:es" v="Túnel del Hórreo"/>
    <tag k="name:gl" v="Túnel do Hórreo"/>
    <tag k="old_ref" v="N-550"/>
    <tag k="oneway" v="yes"/>
    <tag k="overtaking:hgv" v="no"/>
    <tag k="ref" v="SC-20"/>
    <tag k="ref:colour" v="red"/>
    <tag k="ref:colour_tx" v="white"/>
    <tag k="sidewalk" v="no"/>
    <tag k="surface" v="asphalt"/>
    <tag k="traffic_sign" v="ES:R-413"/>
    <tag k="tunnel" v="yes"/>
    <tag k="width" v="6"/>
  </way>
  <way id="117559972">
    <nd ref="1324141915"/>
    <nd ref="1292177893"/>
    <nd ref="1324141838"/>
    <nd ref="79539326"/>
    <tag k="bicycle" v="no"/>
    <tag k="foot" v="no"/>
    <tag k="hazmat" v="designated"/>
    <tag k="highway" v="trunk"/>
    <tag k="lanes" v="2"/>
    <tag k="layer" v="-1"/>
    <tag k="lit" v="yes"/>
    <tag k="maxheight" v="5"/>
    <tag k="maxspeed" v="50"/>
    <tag k="name" v="Túnel do Hórreo"/>
    <tag k="name:es" v="Túnel del Hórreo"/>
    <tag k="name:gl" v="Túnel do Hórreo"/>
    <tag k="old_ref" v="N-550"/>
    <tag k="oneway" v="yes"/>
    <tag k="overtaking:hgv" v="no"/>
    <tag k="ref" v="SC-20"/>
    <tag k="ref:colour" v="red"/>
    <tag k="ref:colour_tx" v="white"/>
    <tag k="sidewalk" v="no"/>
    <tag k="surface" v="asphalt"/>
    <tag k="traffic_sign" v="ES:R-413"/>
    <tag k="tunnel" v="yes"/>
  </way>
  <way id="119389956">
    <nd ref="1341664000"/>
    <nd ref="1341664004"/>
    <nd ref="4088637026"/>
    <nd ref="1341663996"/>
    <tag k="foot" v="no"/>
    <tag k="highway" v="tertiary"/>
    <tag k="lanes" v="1"/>
    <tag k="name" v="Rúa da Senra"/>
    <tag k="oneway" v="yes"/>
    <tag k="sidewalk" v="no"/>
    <tag k="surface" v="asphalt"/>
  </way>
  <way id="119389957">
    <nd ref="764903730"/>
    <nd ref="10719247558"/>
    <nd ref="10719247562"/>
    <nd ref="1183392519"/>
    <nd ref="3110953228"/>
    <nd ref="10307699616"/>
    <nd ref="283126109"/>
    <tag k="highway" v="residential"/>
    <tag k="lanes" v="2"/>
    <tag k="lit" v="yes"/>
    <tag k="maxspeed" v="30"/>
    <tag k="name" v="Rúa de Montero Ríos"/>
    <tag k="name:etymology:wikidata" v="Q662588"/>
    <tag k="oneway" v="yes"/>
    <tag k="sidewalk" v="both"/>
    <tag k="sidewalk:both:surface" v="paving_stones"/>
    <tag k="surface" v="asphalt"/>
  </way>
  <way id="119389958">
    <nd ref="764910412"/>
    <nd ref="4088637026"/>
    <nd ref="1341663999"/>
    <tag k="foot" v="no"/>
    <tag k="highway" v="tertiary_link"/>
    <tag k="lanes" v="1"/>
    <tag k="oneway" v="yes"/>
    <tag k="sidewalk" v="no"/>
    <tag k="surface" v="asphalt"/>
  </way>
  <way id="119389959">
    <nd ref="1341664000"/>
    <nd ref="1272141563"/>
    <nd ref="3110954029"/>
    <nd ref="3110953935"/>
    <nd ref="3110953930"/>
    <nd ref="3110953929"/>
    <nd ref="764903730"/>
    <tag k="highway" v="residential"/>
    <tag k="lanes" v="2"/>
    <tag k="lit" v="yes"/>
    <tag k="maxspeed" v="30"/>
    <tag k="name" v="Praza de Galicia"/>
    <tag k="name:es" v="Plaza de Galicia"/>
    <tag k="name:gl" v="Praza de Galicia"/>
    <tag k="oneway" v="yes"/>
    <tag k="sidewalk" v="both"/>
    <tag k="surface" v="asphalt"/>
  </way>
  <way id="119389960">
    <nd ref="1341664006"/>
    <nd ref="1341663998"/>
    <nd ref="1341664008"/>
    <nd ref="1341664000"/>
    <tag k="foot" v="no"/>
    <tag k="highway" v="tertiary_link"/>
    <tag k="lanes" v="1"/>
    <tag k="oneway" v="yes"/>
    <tag k="sidewalk" v="no"/>
    <tag k="surface" v="asphalt"/>
  </way>
  <way id="119389965">
    <nd ref="764939612"/>
    <nd ref="12783494220"/>
    <nd ref="12783494221"/>
    <nd ref="355368833"/>
    <nd ref="12783494215"/>
    <nd ref="12783494214"/>
    <nd ref="12783494211"/>
    <nd ref="12783494213"/>
    <nd ref="12783494212"/>
    <nd ref="764937237"/>
    <tag k="highway" v="tertiary"/>
    <tag k="lanes" v="4"/>
    <tag k="lanes:backward" v="2"/>
    <tag k="lanes:forward" v="2"/>
    <tag k="lit" v="yes"/>
    <tag k="maxspeed" v="30"/>
    <tag k="name" v="Rúa da Senra"/>
    <tag k="oneway" v="no"/>
    <tag k="sidewalk" v="separate"/>
    <tag k="surface" v="asphalt"/>
    <tag k="turn:lanes:backward" v="through|right"/>
  </way>
  <way id="119389966">
    <nd ref="764932867"/>
    <nd ref="1341663999"/>
    <tag k="highway" v="tertiary"/>
    <tag k="lanes" v="1"/>
    <tag k="name" v="Rúa da Senra"/>
    <tag k="oneway" v="yes"/>
    <tag k="sidewalk" v="right"/>
    <tag k="surface" v="asphalt"/>
  </way>
  <way id="125389413">
    <nd ref="766296790"/>
    <nd ref="1205871254"/>
    <nd ref="766296788"/>
    <nd ref="764915870"/>
    <nd ref="968962226"/>
    <tag k="cycleway:both" v="no"/>
    <tag k="foot" v="no"/>
    <tag k="highway" v="primary"/>
    <tag k="lanes" v="2"/>
    <tag k="lanes:backward" v="1"/>
    <tag k="lanes:forward" v="1"/>
    <tag k="layer" v="-1"/>
    <tag k="lit" v="yes"/>
    <tag k="maxheight" v="default"/>
    <tag k="maxspeed" v="40"/>
    <tag k="name" v="Avenida do Mestre Mateo"/>
    <tag k="name:es" v="Avenida del Maestro Mateo"/>
    <tag k="name:etymology:wikidata" v="Q3327671"/>
    <tag k="name:gl" v="Avenida do Mestre Mateo"/>
    <tag k="oneway" v="no"/>
    <tag k="overtaking" v="no"/>
    <tag k="sidewalk" v="no"/>
    <tag k="surface" v="asphalt"/>
    <tag k="traffic_sign" v="ES:R-413"/>
    <tag k="tunnel" v="yes"/>
  </way>
  <way id="132863963">
    <nd ref="144364988"/>
    <nd ref="144365101"/>
    <nd ref="171464736"/>
    <nd ref="860249665"/>
    <nd ref="860249666"/>
    <tag k="bridge" v="yes"/>
    <tag k="hazmat" v="designated"/>
    <tag k="highway" v="trunk"/>
    <tag k="lanes" v="3"/>
    <tag k="layer" v="1"/>
    <tag k="lit" v="no"/>
    <tag k="maxspeed" v="50"/>
    <tag k="motorroad" v="yes"/>
    <tag k="name" v="Avenida de Antonio Fraguas"/>
    <tag k="name:etymology:wikidata" v="Q8201228"/>
    <tag k="old_ref" v="N-550"/>
    <tag k="oneway" v="yes"/>
    <tag k="ref" v="SC-20"/>
    <tag k="surface" v="asphalt"/>
  </way>
  <way id="132865884">
    <nd ref="968962221"/>
    <nd ref="766296790"/>
    <tag k="cycleway:both" v="no"/>
    <tag k="foot" v="no"/>
    <tag k="highway" v="primary"/>
    <tag k="lanes" v="2"/>
    <tag k="lanes:backward" v="1"/>
    <tag k="lanes:forward" v="1"/>
    <tag k="layer" v="-1"/>
    <tag k="lit" v="yes"/>
    <tag k="maxheight" v="default"/>
    <tag k="maxspeed" v="40"/>
    <tag k="name" v="Avenida de Romero Donallo"/>
    <tag k="name:etymology:wikidata" v="Q12388351"/>
    <tag k="oneway" v="no"/>
    <tag k="overtaking" v="no"/>
    <tag k="sidewalk" v="no"/>
    <tag k="surface" v="asphalt"/>
    <tag k="traffic_sign" v="ES:R-413"/>
    <tag k="tunnel" v="yes"/>
  </way>
  <way id="132906556">
    <nd ref="56543542"/>
    <nd ref="2129083260"/>
    <nd ref="3756255869"/>
    <nd ref="4167684335"/>
    <tag k="cycleway:both" v="no"/>
    <tag k="cycleway:right" v="no"/>
    <tag k="highway" v="tertiary"/>
    <tag k="lanes" v="2"/>
    <tag k="lit" v="yes"/>
    <tag k="maxspeed" v="30"/>
    <tag k="name" v="Avenida de Rosalía de Castro"/>
    <tag k="name:etymology:wikidata" v="Q464264"/>
    <tag k="old_name" v="O Camiño Novo"/>
    <tag k="oneway" v="yes"/>
    <tag k="sidewalk" v="right"/>
    <tag k="surface" v="asphalt"/>
  </way>
  <way id="136793893">
    <nd ref="993337315"/>
    <nd ref="1735558256"/>
    <tag k="highway" v="residential"/>
    <tag k="lit" v="yes"/>
    <tag k="maxspeed" v="30"/>
    <tag k="name" v="Avenida de Vilagarcía"/>
    <tag k="name:etymology:wikidata" v="Q1442637"/>
    <tag k="oneway" v="yes"/>
    <tag k="surface" v="asphalt"/>
  </way>
  <way id="145469162">
    <nd ref="283126109"/>
    <nd ref="1272141567"/>
    <nd ref="3110954031"/>
    <nd ref="764910412"/>
    <tag k="highway" v="tertiary"/>
    <tag k="lanes" v="2"/>
    <tag k="lit" v="yes"/>
    <tag k="maxspeed" v="30"/>
    <tag k="name" v="Rúa do Hórreo"/>
    <tag k="name:es" v="Calle del Hórreo"/>
    <tag k="name:gl" v="Rúa do Hórreo"/>
    <tag k="oneway" v="yes"/>
    <tag k="sidewalk:left" v="separate"/>
    <tag k="sidewalk:right" v="yes"/>
    <tag k="surface" v="asphalt"/>
  </way>
  <way id="149432440">
    <nd ref="1341663996"/>
    <nd ref="764932867"/>
    <tag k="highway" v="tertiary"/>
    <tag k="lanes" v="1"/>
    <tag k="name" v="Rúa da Senra"/>
    <tag k="oneway" v="yes"/>
    <tag k="sidewalk" v="right"/>
    <tag k="surface" v="asphalt"/>
  </way>
  <way id="149432444">
    <nd ref="1341664006"/>
    <nd ref="12783494222"/>
    <nd ref="12783494223"/>
    <nd ref="764939612"/>
    <tag k="highway" v="tertiary"/>
    <tag k="lanes" v="1"/>
    <tag k="name" v="Rúa da Senra"/>
    <tag k="oneway" v="yes"/>
    <tag k="sidewalk" v="right"/>
    <tag k="surface" v="asphalt"/>
  </way>
  <way id="149432445">
    <nd ref="766498406"/>
    <nd ref="4162222951"/>
    <nd ref="764938834"/>
    <nd ref="1183392102"/>
    <nd ref="79545496"/>
    <tag k="highway" v="tertiary"/>
    <tag k="lanes" v="2"/>
    <tag k="lit" v="yes"/>
    <tag k="maxspeed" v="30"/>
    <tag k="name" v="Rúa do Hórreo"/>
    <tag k="name:es" v="Calle del Hórreo"/>
    <tag k="name:gl" v="Rúa do Hórreo"/>
    <tag k="oneway" v="yes"/>
    <tag k="sidewalk" v="both"/>
    <tag k="surface" v="asphalt"/>
  </way>
  <way id="157628089">
    <nd ref="764938736"/>
    <nd ref="1461755224"/>
    <nd ref="7238616192"/>
    <nd ref="3670648306"/>
    <tag k="highway" v="trunk_link"/>
    <tag k="lanes" v="1"/>
    <tag k="motorroad" v="yes"/>
    <tag k="name" v="Avenida de Antonio Fraguas"/>
    <tag k="name:etymology:wikidata" v="Q8201228"/>
    <tag k="old_ref" v="N-550"/>
    <tag k="oneway" v="yes"/>
    <tag k="ref" v="SC-20"/>
    <tag k="surface" v="asphalt"/>
  </way>
  <way id="161586087">
    <nd ref="2396254362"/>
    <nd ref="764904870"/>
    <nd ref="1314202645"/>
    <nd ref="764913097"/>
    <nd ref="764914654"/>
    <tag k="highway" v="residential"/>
    <tag k="lanes" v="1"/>
    <tag k="lit" v="yes"/>
    <tag k="maxspeed" v="30"/>
    <tag k="name" v="Avenida de Vilagarcía"/>
    <tag k="name:etymology:wikidata" v="Q1442637"/>
    <tag k="oneway" v="yes"/>
    <tag k="sidewalk" v="separate"/>
    <tag k="surface" v="asphalt"/>
  </way>
  <way id="161602327">
    <nd ref="764932867"/>
    <nd ref="1183392194"/>
    <nd ref="5819212257"/>
    <nd ref="3027929356"/>
    <nd ref="283129925"/>
    <nd ref="355369440"/>
    <nd ref="766298713"/>
    <tag k="highway" v="tertiary"/>
    <tag k="lanes" v="2"/>
    <tag k="lit" v="yes"/>
    <tag k="maxspeed" v="30"/>
    <tag k="name" v="Rúa da Fonte de Santo Antonio"/>
    <tag k="sidewalk" v="both"/>
    <tag k="surface" v="asphalt"/>
  </way>
  <way id="166182850">
    <nd ref="764914378"/>
    <nd ref="13291147189"/>
    <nd ref="764916049"/>
    <nd ref="13291152813"/>
    <nd ref="13291152814"/>
    <nd ref="764918387"/>
    <nd ref="764915616"/>
    <tag k="cycleway:both" v="no"/>
    <tag k="highway" v="residential"/>
    <tag k="lanes" v="1"/>
    <tag k="lit" v="yes"/>
    <tag k="maxspeed" v="30"/>
    <tag k="name" v="Praza de Vigo"/>
    <tag k="name:es" v="Plaza de Vigo"/>
    <tag k="name:etymology:wikidata" v="Q8745"/>
    <tag k="name:gl" v="Praza de Vigo"/>
    <tag k="oneway" v="yes"/>
    <tag k="sidewalk" v="both"/>
    <tag k="source" v="Yahoo Aerial"/>
    <tag k="surface" v="concrete"/>
  </way>
  <way id="166182852">
    <nd ref="1183392394"/>
    <nd ref="5904929486"/>
    <nd ref="3960353735"/>
    <tag k="cycleway" v="shared_lane"/>
    <tag k="cycleway:lane" v="pictogram"/>
    <tag k="highway" v="residential"/>
    <tag k="incline" v="down"/>
    <tag k="lanes" v="1"/>
    <tag k="lit" v="yes"/>
    <tag k="maxspeed" v="30"/>
    <tag k="name" v="Rúa da Rapa da Folla"/>
    <tag k="oneway" v="yes"/>
    <tag k="sidewalk" v="left"/>
    <tag k="sidewalk:left:surface" v="paving_stones"/>
    <tag k="surface" v="asphalt"/>
  </way>
  <way id="166182928">
    <nd ref="982366122"/>
    <nd ref="12783494225"/>
    <nd ref="1183392515"/>
    <nd ref="56542921"/>
    <tag k="highway" v="tertiary"/>
    <tag k="lanes" v="1"/>
    <tag k="lit" v="yes"/>
    <tag k="name" v="Campo da Estrela"/>
    <tag k="oneway" v="yes"/>
    <tag k="sidewalk" v="right"/>
    <tag k="surface" v="asphalt"/>
  </way>
  <way id="178668202">
    <nd ref="764914507"/>
    <nd ref="4162222940"/>
    <nd ref="1890170984"/>
    <nd ref="10759449783"/>
    <nd ref="1890170978"/>
    <nd ref="1890170981"/>
    <nd ref="3719435691"/>
    <nd ref="1890170976"/>
    <tag k="cycleway" v="shared_lane"/>
    <tag k="cycleway:lane" v="pictogram"/>
    <tag k="highway" v="residential"/>
    <tag k="lanes" v="1"/>
    <tag k="lit" v="yes"/>
    <tag k="maxspeed" v="30"/>
    <tag k="name" v="Praza Roxa"/>
    <tag k="name:es" v="Plaza Roja"/>
    <tag k="name:gl" v="Praza Roxa"/>
    <tag k="oneway" v="yes"/>
    <tag k="sidewalk" v="separate"/>
    <tag k="surface" v="asphalt"/>
    <tag k="wikidata" v="Q25515079"/>
  </way>
  <way id="178668203">
    <nd ref="766472862"/>
    <nd ref="1954824741"/>
    <nd ref="4284468664"/>
    <nd ref="283126075"/>
    <tag k="cycleway" v="shared_lane"/>
    <tag k="cycleway:lane" v="pictogram"/>
    <tag k="highway" v="residential"/>
    <tag k="lanes" v="1"/>
    <tag k="lit" v="yes"/>
    <tag k="maxspeed" v="30"/>
    <tag k="name" v="Rúa de Frei Rosendo Salvado"/>
    <tag k="name:es" v="Calle de Fray Rosendo Salvado"/>
    <tag k="name:etymology:wikidata" v="Q3394324"/>
    <tag k="name:gl" v="Rúa de Frei Rosendo Salvado"/>
    <tag k="oneway" v="yes"/>
    <tag k="sidewalk" v="both"/>
    <tag k="surface" v="asphalt"/>
  </way>
  <way id="180604707">
    <nd ref="982366131"/>
    <nd ref="12783494217"/>
    <nd ref="12783494218"/>
    <nd ref="764937237"/>
    <tag k="foot" v="no"/>
    <tag k="highway" v="tertiary"/>
    <tag k="lanes" v="2"/>
    <tag k="lit" v="yes"/>
    <tag k="name" v="Campo da Estrela"/>
    <tag k="oneway" v="yes"/>
    <tag k="sidewalk" v="no"/>
    <tag k="surface" v="asphalt"/>
  </way>
  <way id="180604709">
    <nd ref="56542469"/>
    <nd ref="3719961550"/>
    <nd ref="1001378388"/>
    <nd ref="982366122"/>
    <tag k="highway" v="tertiary"/>
    <tag k="lanes" v="1"/>
    <tag k="lit" v="yes"/>
    <tag k="name" v="Campo da Estrela"/>
    <tag k="oneway" v="yes"/>
    <tag k="sidewalk" v="right"/>
    <tag k="surface" v="asphalt"/>
  </way>
  <way id="228017197">
    <nd ref="1183392394"/>
    <nd ref="1272144805"/>
    <nd ref="1272144802"/>
    <nd ref="4162222947"/>
    <nd ref="1272144804"/>
    <nd ref="764235704"/>
    <tag k="cycleway" v="shared_lane"/>
    <tag k="cycleway:lane" v="pictogram"/>
    <tag k="highway" v="residential"/>
    <tag k="lanes" v="1"/>
    <tag k="lit" v="yes"/>
    <tag k="maxspeed" v="30"/>
    <tag k="name" v="Rúa da Rapa da Folla"/>
    <tag k="oneway" v="yes"/>
    <tag k="sidewalk" v="right"/>
    <tag k="surface" v="asphalt"/>
  </way>
  <way id="236563810">
    <nd ref="2445869010"/>
    <nd ref="8760377639"/>
    <nd ref="8760377635"/>
    <nd ref="8760377630"/>
    <nd ref="8760377640"/>
    <nd ref="1292177033"/>
    <tag k="highway" v="secondary"/>
    <tag k="lanes" v="1"/>
    <tag k="lit" v="yes"/>
    <tag k="maxspeed" v="50"/>
    <tag k="name" v="Avenida de Lugo"/>
    <tag k="name:etymology:wikidata" v="Q31917885"/>
    <tag k="oneway" v="yes"/>
    <tag k="sidewalk" v="right"/>
    <tag k="sidewalk:right:surface" v="paving_stones"/>
    <tag k="surface" v="asphalt"/>
  </way>
  <way id="236563813">
    <nd ref="1324141937"/>
    <nd ref="12903777121"/>
    <nd ref="12903777122"/>
    <nd ref="1228588162"/>
    <nd ref="11991954223"/>
    <tag k="bicycle" v="yes"/>
    <tag k="highway" v="secondary"/>
    <tag k="lanes" v="2"/>
    <tag k="lit" v="yes"/>
    <tag k="maxspeed" v="30"/>
    <tag k="maxweight" v="5.5"/>
    <tag k="name" v="Rúa do Hórreo"/>
    <tag k="old_ref" v="N-550"/>
    <tag k="oneway" v="yes"/>
    <tag k="sidewalk:left" v="no"/>
    <tag k="sidewalk:right" v="separate"/>
    <tag k="surface" v="asphalt"/>
  </way>
  <way id="236563815">
    <nd ref="1324141925"/>
    <nd ref="2445869011"/>
    <nd ref="11758140388"/>
    <tag k="highway" v="tertiary"/>
    <tag k="lanes" v="1"/>
    <tag k="lit" v="yes"/>
    <tag k="maxspeed" v="30"/>
    <tag k="name" v="Rúa do Hórreo"/>
    <tag k="oneway" v="yes"/>
    <tag k="sidewalk" v="right"/>
    <tag k="sidewalk:right:surface" v="paving_stones"/>
    <tag k="surface" v="asphalt"/>
  </way>
  <way id="236865944">
    <nd ref="1272118744"/>
    <nd ref="766297028"/>
    <nd ref="4041728875"/>
    <nd ref="1511662626"/>
    <nd ref="4041728862"/>
    <nd ref="1511662622"/>
    <nd ref="764235269"/>
    <nd ref="4041728587"/>
    <nd ref="766296988"/>
    <nd ref="7238616194"/>
    <nd ref="665416796"/>
    <nd ref="665416801"/>
    <nd ref="3670648306"/>
    <tag k="cycleway:both" v="no"/>
    <tag k="highway" v="primary"/>
    <tag k="lanes" v="2"/>
    <tag k="lit" v="yes"/>
    <tag k="maxspeed" v="30"/>
    <tag k="name" v="Avenida de Romero Donallo"/>
    <tag k="name:etymology:wikidata" v="Q12388351"/>
    <tag k="oneway" v="yes"/>
    <tag k="sidewalk:left" v="no"/>
    <tag k="sidewalk:right" v="separate"/>
    <tag k="surface" v="asphalt"/>
  </way>
  <way id="236871247">
    <nd ref="764910433"/>
    <nd ref="4162222938"/>
    <nd ref="4162222935"/>
    <nd ref="4162222934"/>
    <nd ref="13381117081"/>
    <nd ref="5463399382"/>
    <tag k="cycleway:left" v="shared_lane"/>
    <tag k="cycleway:left:lane" v="pictogram"/>
    <tag k="highway" v="residential"/>
    <tag k="lanes" v="2"/>
    <tag k="lit" v="yes"/>
    <tag k="maxspeed" v="30"/>
    <tag k="name" v="Rúa da Rosa"/>
    <tag k="oneway" v="yes"/>
    <tag k="sidewalk" v="both"/>
    <tag k="source:name" v="survey"/>
    <tag k="surface" v="asphalt"/>
  </way>
  <way id="236871258">
    <nd ref="764235218"/>
    <nd ref="766472615"/>
    <nd ref="470334102"/>
    <tag k="highway" v="primary"/>
    <tag k="junction" v="circular"/>
    <tag k="lanes" v="2"/>
    <tag k="oneway" v="yes"/>
    <tag k="ref" v="SC-20"/>
    <tag k="sidewalk" v="no"/>
    <tag k="surface" v="asphalt"/>
  </way>
  <way id="236871259">
    <nd ref="470334102"/>
    <nd ref="766472635"/>
    <nd ref="4226401990"/>
    <nd ref="766472636"/>
    <nd ref="764235253"/>
    <tag k="highway" v="primary"/>
    <tag k="junction" v="circular"/>
    <tag k="lanes" v="2"/>
    <tag k="oneway" v="yes"/>
    <tag k="ref" v="SC-20"/>
    <tag k="sidewalk" v="no"/>
    <tag k="surface" v="asphalt"/>
  </way>
  <way id="236871260">
    <nd ref="764905271"/>
    <nd ref="766472616"/>
    <nd ref="1541347288"/>
    <nd ref="766472622"/>
    <nd ref="7238616190"/>
    <nd ref="1698681786"/>
    <nd ref="764235218"/>
    <tag k="highway" v="primary"/>
    <tag k="junction" v="circular"/>
    <tag k="lanes" v="2"/>
    <tag k="oneway" v="yes"/>
    <tag k="ref" v="SC-20"/>
    <tag k="sidewalk" v="no"/>
    <tag k="surface" v="asphalt"/>
  </way>
  <way id="236871388">
    <nd ref="670738100"/>
    <nd ref="764917591"/>
    <nd ref="764236405"/>
    <tag k="cycleway:both" v="no"/>
    <tag k="highway" v="residential"/>
    <tag k="lanes" v="2"/>
    <tag k="lit" v="yes"/>
    <tag k="maxspeed" v="30"/>
    <tag k="name" v="Praza do Doutor Puente Castro"/>
    <tag k="name:etymology:wikidata" v="Q20535268"/>
    <tag k="oneway" v="yes"/>
    <tag k="sidewalk" v="right"/>
    <tag k="surface" v="asphalt"/>
  </way>
  <way id="236871389">
    <nd ref="283126070"/>
    <nd ref="11284386754"/>
    <nd ref="1030022316"/>
    <nd ref="144420478"/>
    <nd ref="12903777134"/>
    <nd ref="764911107"/>
    <nd ref="764903410"/>
    <nd ref="12903777133"/>
    <nd ref="7238616189"/>
    <nd ref="764235253"/>
    <tag k="bicycle" v="yes"/>
    <tag k="cycleway" v="no"/>
    <tag k="highway" v="secondary"/>
    <tag k="lanes" v="2"/>
    <tag k="lit" v="yes"/>
    <tag k="maxspeed" v="30"/>
    <tag k="maxweight" v="5.5"/>
    <tag k="name" v="Rúa do Hórreo"/>
    <tag k="old_ref" v="N-550"/>
    <tag k="oneway" v="yes"/>
    <tag k="sidewalk:left" v="no"/>
    <tag k="sidewalk:right" v="separate"/>
    <tag k="surface" v="asphalt"/>
  </way>
  <way id="236981851">
    <nd ref="4781929189"/>
    <nd ref="4286857283"/>
    <nd ref="79539378"/>
    <tag k="cycleway" v="shared_lane"/>
    <tag k="cycleway:lane" v="pictogram"/>
    <tag k="highway" v="residential"/>
    <tag k="lanes" v="1"/>
    <tag k="lit" v="yes"/>
    <tag k="maxspeed" v="30"/>
    <tag k="name" v="Rúa de Montero Ríos"/>
    <tag k="name:etymology:wikidata" v="Q662588"/>
    <tag k="oneway" v="yes"/>
    <tag k="sidewalk" v="both"/>
    <tag k="sidewalk:both:surface" v="paving_stones"/>
    <tag k="surface" v="asphalt"/>
  </way>
  <way id="236981852">
    <nd ref="4781929190"/>
    <nd ref="1183392597"/>
    <nd ref="766473402"/>
    <tag k="cycleway" v="shared_lane"/>
    <tag k="cycleway:lane" v="pictogram"/>
    <tag k="highway" v="residential"/>
    <tag k="lanes" v="1"/>
    <tag k="lit" v="yes"/>
    <tag k="maxspeed" v="30"/>
    <tag k="name" v="Rúa do Xeneral Pardiñas"/>
    <tag k="name:es" v="Calle del General Pardiñas"/>
    <tag k="name:etymology:wikidata" v="Q6099921"/>
    <tag k="name:gl" v="Rúa do Xeneral Pardiñas"/>
    <tag k="oneway" v="yes"/>
    <tag k="sidewalk" v="both"/>
    <tag k="surface" v="asphalt"/>
  </way>
  <way id="236981939">
    <nd ref="764236390"/>
    <nd ref="764236411"/>
    <tag k="cycleway:both" v="no"/>
    <tag k="highway" v="residential"/>
    <tag k="lanes" v="2"/>
    <tag k="lit" v="yes"/>
    <tag k="maxspeed" v="30"/>
    <tag k="name" v="Rúa da República Arxentina"/>
    <tag k="name:etymology:wikidata" v="Q414"/>
    <tag k="oneway" v="yes"/>
    <tag k="sidewalk" v="right"/>
    <tag k="surface" v="asphalt"/>
  </way>
  <way id="236992440">
    <nd ref="766472650"/>
    <nd ref="1030022588"/>
    <nd ref="764235285"/>
    <tag k="cycleway" v="shared_lane"/>
    <tag k="cycleway:lane" v="pictogram"/>
    <tag k="highway" v="residential"/>
    <tag k="lanes" v="1"/>
    <tag k="lit" v="yes"/>
    <tag k="maxspeed" v="30"/>
    <tag k="name" v="Rúa da Rosa"/>
    <tag k="oneway" v="yes"/>
    <tag k="sidewalk:left" v="yes"/>
    <tag k="sidewalk:right" v="separate"/>
    <tag k="surface" v="asphalt"/>
  </way>
  <way id="236992442">
    <nd ref="766297072"/>
    <nd ref="4236712761"/>
    <nd ref="764913655"/>
    <nd ref="1183392714"/>
    <nd ref="766296992"/>
    <tag k="cycleway" v="shared_lane"/>
    <tag k="cycleway:lane" v="pictogram"/>
    <tag k="highway" v="residential"/>
    <tag k="lanes" v="2"/>
    <tag k="lit" v="yes"/>
    <tag k="maxspeed" v="30"/>
    <tag k="name" v="Rúa de Frei Rosendo Salvado"/>
    <tag k="name:es" v="Calle de Fray Rosendo Salvado"/>
    <tag k="name:etymology:wikidata" v="Q3394324"/>
    <tag k="name:gl" v="Rúa de Frei Rosendo Salvado"/>
    <tag k="oneway" v="yes"/>
    <tag k="parking:lane:right" v="parallel"/>
    <tag k="sidewalk" v="both"/>
    <tag k="surface" v="asphalt"/>
  </way>
  <way id="236992443">
    <nd ref="766297072"/>
    <nd ref="4236712755"/>
    <nd ref="1890174917"/>
    <nd ref="766297064"/>
    <tag k="cycleway" v="shared_lane"/>
    <tag k="cycleway:lane" v="pictogram"/>
    <tag k="highway" v="residential"/>
    <tag k="lanes" v="2"/>
    <tag k="lit" v="yes"/>
    <tag k="maxspeed" v="30"/>
    <tag k="name" v="Rúa de Santiago de Chile"/>
    <tag k="name:es" v="Calle de Santiago de Chile"/>
    <tag k="name:etymology:wikidata" v="Q2887"/>
    <tag k="name:gl" v="Rúa de Santiago de Chile"/>
    <tag k="oneway" v="yes"/>
    <tag k="sidewalk" v="both"/>
    <tag k="surface" v="asphalt"/>
  </way>
  <way id="236992444">
    <nd ref="766472650"/>
    <nd ref="766472651"/>
    <nd ref="766296983"/>
    <nd ref="764932469"/>
    <nd ref="4236712760"/>
    <nd ref="12164234515"/>
    <nd ref="766297021"/>
    <nd ref="4236712754"/>
    <nd ref="7231369968"/>
    <nd ref="7231369978"/>
    <nd ref="4236712742"/>
    <nd ref="12164234516"/>
    <nd ref="766297072"/>
    <tag k="cycleway" v="shared_lane"/>
    <tag k="cycleway:lane" v="pictogram"/>
    <tag k="highway" v="residential"/>
    <tag k="lane_markings" v="no"/>
    <tag k="lanes" v="2"/>
    <tag k="lit" v="yes"/>
    <tag k="maxspeed" v="30"/>
    <tag k="name" v="Rúa de Santiago de Chile"/>
    <tag k="name:es" v="Calle de Santiago de Chile"/>
    <tag k="name:etymology:wikidata" v="Q2887"/>
    <tag k="name:gl" v="Rúa de Santiago de Chile"/>
    <tag k="oneway" v="yes"/>
    <tag k="sidewalk" v="both"/>
    <tag k="surface" v="asphalt"/>
  </way>
  <way id="324752433">
    <nd ref="79538612"/>
    <nd ref="764904049"/>
    <nd ref="764235202"/>
    <tag k="highway" v="primary"/>
    <tag k="junction" v="circular"/>
    <tag k="lanes" v="2"/>
    <tag k="oneway" v="yes"/>
    <tag k="ref" v="SC-20"/>
    <tag k="sidewalk" v="no"/>
    <tag k="surface" v="asphalt"/>
  </way>
  <way id="324753511">
    <nd ref="764235202"/>
    <nd ref="11284425686"/>
    <nd ref="764905271"/>
    <tag k="highway" v="primary"/>
    <tag k="junction" v="circular"/>
    <tag k="lanes" v="2"/>
    <tag k="oneway" v="yes"/>
    <tag k="ref" v="SC-20"/>
    <tag k="sidewalk" v="no"/>
    <tag k="surface" v="asphalt"/>
  </way>
  <way id="325191841">
    <nd ref="1324141844"/>
    <nd ref="3318475276"/>
    <nd ref="3318475277"/>
    <nd ref="3318475278"/>
    <nd ref="3318475279"/>
    <nd ref="3318475280"/>
    <nd ref="3318475281"/>
    <nd ref="3318475282"/>
    <nd ref="1324141883"/>
    <tag k="highway" v="secondary"/>
    <tag k="junction" v="roundabout"/>
    <tag k="lanes" v="2"/>
    <tag k="lit" v="yes"/>
    <tag k="sidewalk" v="right"/>
    <tag k="sidewalk:right:surface" v="paving_stones"/>
    <tag k="surface" v="asphalt"/>
  </way>
  <way id="362815533">
    <nd ref="3670648306"/>
    <nd ref="144364929"/>
    <nd ref="144365205"/>
    <nd ref="766296865"/>
    <nd ref="764909601"/>
    <nd ref="7091843494"/>
    <nd ref="764235129"/>
    <tag k="highway" v="trunk_link"/>
    <tag k="lanes" v="1"/>
    <tag k="motorroad" v="yes"/>
    <tag k="name" v="Avenida de Antonio Fraguas"/>
    <tag k="name:etymology:wikidata" v="Q8201228"/>
    <tag k="old_ref" v="N-550"/>
    <tag k="oneway" v="yes"/>
    <tag k="ref" v="SC-20"/>
    <tag k="surface" v="asphalt"/>
  </way>
  <way id="362815538">
    <nd ref="3670648306"/>
    <nd ref="1541344510"/>
    <nd ref="665416802"/>
    <nd ref="79538612"/>
    <tag k="highway" v="primary"/>
    <tag k="lanes" v="2"/>
    <tag k="lit" v="yes"/>
    <tag k="maxspeed" v="30"/>
    <tag k="name" v="Avenida de Romero Donallo"/>
    <tag k="name:etymology:wikidata" v="Q12388351"/>
    <tag k="oneway" v="yes"/>
    <tag k="sidewalk:left" v="no"/>
    <tag k="sidewalk:right" v="separate"/>
    <tag k="surface" v="asphalt"/>
  </way>
  <way id="370122241">
    <nd ref="1777201352"/>
    <nd ref="10759426214"/>
    <nd ref="1777201354"/>
    <nd ref="10759426215"/>
    <nd ref="1777201353"/>
    <tag k="highway" v="residential"/>
    <tag k="lanes" v="1"/>
    <tag k="lit" v="yes"/>
    <tag k="maxspeed" v="30"/>
    <tag k="name" v="Rúa de Manuel Beiras"/>
    <tag k="name:etymology:wikidata" v="Q9027631"/>
    <tag k="oneway" v="yes"/>
    <tag k="sidewalk" v="separate"/>
    <tag k="surface" v="asphalt"/>
  </way>
  <way id="384765943">
    <nd ref="1272130019"/>
    <nd ref="7238616195"/>
    <nd ref="5347156783"/>
    <nd ref="1183392622"/>
    <nd ref="766296992"/>
    <tag k="cycleway:both" v="no"/>
    <tag k="highway" v="primary"/>
    <tag k="lanes" v="2"/>
    <tag k="lit" v="yes"/>
    <tag k="maxspeed" v="30"/>
    <tag k="name" v="Avenida de Romero Donallo"/>
    <tag k="name:etymology:wikidata" v="Q12388351"/>
    <tag k="oneway" v="yes"/>
    <tag k="sidewalk" v="right"/>
    <tag k="surface" v="asphalt"/>
  </way>
  <way id="407399823">
    <nd ref="764916860"/>
    <nd ref="9621030719"/>
    <nd ref="1654333042"/>
    <tag k="highway" v="residential"/>
    <tag k="lane_markings" v="no"/>
    <tag k="maxspeed" v="20"/>
    <tag k="name" v="Avenida do Profesor Legaz Lacambra"/>
    <tag k="name:etymology:wikidata" v="Q12392467"/>
    <tag k="oneway" v="no"/>
    <tag k="surface" v="concrete"/>
  </way>
  <way id="417100139">
    <nd ref="283126094"/>
    <nd ref="2133154329"/>
    <nd ref="4781929191"/>
    <tag k="cycleway" v="shared_lane"/>
    <tag k="cycleway:lane" v="pictogram"/>
    <tag k="highway" v="residential"/>
    <tag k="lanes" v="1"/>
    <tag k="lit" v="yes"/>
    <tag k="maxspeed" v="30"/>
    <tag k="name" v="Rúa de Montero Ríos"/>
    <tag k="name:etymology:wikidata" v="Q662588"/>
    <tag k="oneway" v="yes"/>
    <tag k="sidewalk" v="both"/>
    <tag k="sidewalk:both:surface" v="paving_stones"/>
    <tag k="surface" v="asphalt"/>
  </way>
  <way id="417100140">
    <nd ref="764235713"/>
    <nd ref="4286857280"/>
    <nd ref="4286211206"/>
    <nd ref="764915631"/>
    <tag k="cycleway" v="shared_lane"/>
    <tag k="cycleway:lane" v="pictogram"/>
    <tag k="highway" v="residential"/>
    <tag k="lane_markings" v="no"/>
    <tag k="lanes" v="1"/>
    <tag k="lit" v="yes"/>
    <tag k="maxspeed" v="30"/>
    <tag k="name" v="Rúa de Alfredo Brañas"/>
    <tag k="name:etymology:wikidata" v="Q2778481"/>
    <tag k="oneway" v="yes"/>
    <tag k="sidewalk" v="both"/>
    <tag k="surface" v="asphalt"/>
  </way>
  <way id="423973303">
    <nd ref="4234704227"/>
    <nd ref="766297036"/>
    <nd ref="11992278406"/>
    <nd ref="11992278407"/>
    <nd ref="470336379"/>
    <nd ref="10759426237"/>
    <tag k="cycleway:both" v="no"/>
    <tag k="highway" v="residential"/>
    <tag k="lanes" v="1"/>
    <tag k="lit" v="yes"/>
    <tag k="maxspeed" v="30"/>
    <tag k="maxweight" v="5.5"/>
    <tag k="name" v="Avenida de Vilagarcía"/>
    <tag k="name:es" v="Avenida de Vilagarcía"/>
    <tag k="name:etymology:wikidata" v="Q1442637"/>
    <tag k="name:gl" v="Avenida de Vilagarcía"/>
    <tag k="oneway" v="yes"/>
    <tag k="parking:both" v="yes"/>
    <tag k="parking:both:orientation" v="parallel"/>
    <tag k="surface" v="asphalt"/>
  </way>
  <way id="429480205">
    <nd ref="764903142"/>
    <nd ref="4162222932"/>
    <nd ref="1183391155"/>
    <nd ref="4162222929"/>
    <nd ref="283126070"/>
    <tag k="cycleway" v="shared_lane"/>
    <tag k="cycleway:lane" v="pictogram"/>
    <tag k="highway" v="residential"/>
    <tag k="lanes" v="2"/>
    <tag k="lit" v="yes"/>
    <tag k="maxspeed" v="30"/>
    <tag k="name" v="Rúa de Fernando III o Santo"/>
    <tag k="name:etymology:wikidata" v="Q243122"/>
    <tag k="oneway" v="yes"/>
    <tag k="sidewalk" v="both"/>
    <tag k="surface" v="asphalt"/>
  </way>
  <way id="429480206">
    <nd ref="283126075"/>
    <nd ref="7231385702"/>
    <nd ref="7231369977"/>
    <nd ref="4236712756"/>
    <nd ref="766297072"/>
    <tag k="cycleway" v="shared_lane"/>
    <tag k="cycleway:lane" v="pictogram"/>
    <tag k="highway" v="residential"/>
    <tag k="lanes" v="1"/>
    <tag k="lit" v="yes"/>
    <tag k="maxspeed" v="30"/>
    <tag k="name" v="Rúa de Frei Rosendo Salvado"/>
    <tag k="name:es" v="Calle de Fray Rosendo Salvado"/>
    <tag k="name:etymology:wikidata" v="Q3394324"/>
    <tag k="name:gl" v="Rúa de Frei Rosendo Salvado"/>
    <tag k="oneway" v="yes"/>
    <tag k="parking:lane:right" v="parallel"/>
    <tag k="sidewalk" v="both"/>
    <tag k="surface" v="asphalt"/>
  </way>
  <way id="435678113">
    <nd ref="764236390"/>
    <nd ref="764913112"/>
    <nd ref="670738095"/>
    <tag k="cycleway" v="shared_lane"/>
    <tag k="cycleway:lane" v="pictogram"/>
    <tag k="highway" v="residential"/>
    <tag k="lanes" v="1"/>
    <tag k="lit" v="yes"/>
    <tag k="maxspeed" v="30"/>
    <tag k="name" v="Rúa do Xeneral Pardiñas"/>
    <tag k="name:es" v="Calle del General Pardiñas"/>
    <tag k="name:etymology:wikidata" v="Q6099921"/>
    <tag k="name:gl" v="Rúa do Xeneral Pardiñas"/>
    <tag k="oneway" v="yes"/>
    <tag k="sidewalk" v="both"/>
    <tag k="surface" v="asphalt"/>
  </way>
  <way id="567626218">
    <nd ref="5463399382"/>
    <nd ref="4162222936"/>
    <nd ref="2129062161"/>
    <nd ref="12164234517"/>
    <nd ref="283126079"/>
    <tag k="cycleway" v="shared_lane"/>
    <tag k="cycleway:lane" v="pictogram"/>
    <tag k="highway" v="residential"/>
    <tag k="lanes" v="2"/>
    <tag k="lit" v="yes"/>
    <tag k="maxspeed" v="30"/>
    <tag k="name" v="Rúa de San Pedro de Mezonzo"/>
    <tag k="name:etymology:wikidata" v="Q3393707"/>
    <tag k="oneway" v="yes"/>
    <tag k="sidewalk" v="both"/>
    <tag k="surface" v="asphalt"/>
  </way>
  <way id="659572550">
    <nd ref="766298039"/>
    <nd ref="11758140392"/>
    <nd ref="11758140388"/>
    <tag k="cycleway:both" v="no"/>
    <tag k="highway" v="tertiary"/>
    <tag k="lanes" v="3"/>
    <tag k="lanes:backward" v="1"/>
    <tag k="lanes:forward" v="2"/>
    <tag k="lit" v="yes"/>
    <tag k="maxspeed" v="30"/>
    <tag k="name" v="Rúa do Hórreo"/>
    <tag k="name:es" v="Calle del Hórreo"/>
    <tag k="name:gl" v="Rúa do Hórreo"/>
    <tag k="oneway" v="no"/>
    <tag k="sidewalk" v="separate"/>
    <tag k="surface" v="asphalt"/>
  </way>
  <way id="671412315">
    <nd ref="766298118"/>
    <nd ref="12903777136"/>
    <nd ref="1228588084"/>
    <nd ref="12903777135"/>
    <tag k="cycleway:both" v="no"/>
    <tag k="highway" v="tertiary"/>
    <tag k="lanes" v="3"/>
    <tag k="lanes:backward" v="2"/>
    <tag k="lanes:forward" v="1"/>
    <tag k="lit" v="yes"/>
    <tag k="maxspeed" v="30"/>
    <tag k="name" v="Rúa do Hórreo"/>
    <tag k="name:es" v="Calle del Hórreo"/>
    <tag k="name:gl" v="Rúa do Hórreo"/>
    <tag k="oneway" v="no"/>
    <tag k="sidewalk" v="separate"/>
    <tag k="surface" v="asphalt"/>
  </way>
  <way id="759198389">
    <nd ref="993337315"/>
    <nd ref="1183392327"/>
    <nd ref="1272118744"/>
    <tag k="cycleway:both" v="no"/>
    <tag k="highway" v="primary"/>
    <tag k="lanes" v="2"/>
    <tag k="lit" v="yes"/>
    <tag k="maxspeed" v="30"/>
    <tag k="name" v="Avenida de Romero Donallo"/>
    <tag k="name:etymology:wikidata" v="Q12388351"/>
    <tag k="oneway" v="yes"/>
    <tag k="surface" v="asphalt"/>
  </way>
  <way id="759198391">
    <nd ref="993337306"/>
    <nd ref="1272127497"/>
    <tag k="cycleway:both" v="no"/>
    <tag k="foot" v="no"/>
    <tag k="highway" v="tertiary_link"/>
    <tag k="lane_markings" v="no"/>
    <tag k="maxspeed" v="30"/>
    <tag k="oneway" v="no"/>
    <tag k="surface" v="asphalt"/>
  </way>
  <way id="759198392">
    <nd ref="12977876039"/>
    <nd ref="968960673"/>
    <nd ref="993332029"/>
    <nd ref="993337306"/>
    <tag k="highway" v="tertiary"/>
    <tag k="lanes" v="4"/>
    <tag k="lanes:backward" v="2"/>
    <tag k="lanes:forward" v="2"/>
    <tag k="lit" v="yes"/>
    <tag k="maxspeed" v="30"/>
    <tag k="name" v="Avenida de Ferrol"/>
    <tag k="name:etymology:wikidata" v="Q485329"/>
    <tag k="oneway" v="no"/>
    <tag k="surface" v="asphalt"/>
    <tag k="turn:lanes:forward" v="left|right"/>
  </way>
  <way id="759198393">
    <nd ref="1735558256"/>
    <nd ref="968960686"/>
    <tag k="highway" v="residential"/>
    <tag k="lanes" v="1"/>
    <tag k="lit" v="yes"/>
    <tag k="maxspeed" v="30"/>
    <tag k="name" v="Avenida de Vilagarcía"/>
    <tag k="name:etymology:wikidata" v="Q1442637"/>
    <tag k="oneway" v="yes"/>
    <tag k="surface" v="asphalt"/>
  </way>
  <way id="759237245">
    <nd ref="144350586"/>
    <nd ref="144350592"/>
    <nd ref="144350602"/>
    <nd ref="144350612"/>
    <nd ref="144350617"/>
    <nd ref="144350632"/>
    <nd ref="144350647"/>
    <tag k="bridge" v="yes"/>
    <tag k="hazmat" v="designated"/>
    <tag k="highway" v="trunk"/>
    <tag k="lanes" v="3"/>
    <tag k="layer" v="1"/>
    <tag k="maxspeed" v="50"/>
    <tag k="motorroad" v="yes"/>
    <tag k="name" v="Avenida de Antonio Fraguas"/>
    <tag k="name:etymology:wikidata" v="Q8201228"/>
    <tag k="old_ref" v="N-550"/>
    <tag k="oneway" v="yes"/>
    <tag k="ref" v="SC-20"/>
    <tag k="surface" v="asphalt"/>
    <tag k="turn:lanes" v="through|through|slight_right"/>
  </way>
  <way id="759237246">
    <nd ref="764235129"/>
    <nd ref="11992024073"/>
    <nd ref="144364988"/>
    <tag k="bridge" v="yes"/>
    <tag k="highway" v="trunk_link"/>
    <tag k="lanes" v="1"/>
    <tag k="layer" v="1"/>
    <tag k="motorroad" v="yes"/>
    <tag k="name" v="Avenida de Antonio Fraguas"/>
    <tag k="name:etymology:wikidata" v="Q8201228"/>
    <tag k="old_ref" v="N-550"/>
    <tag k="oneway" v="yes"/>
    <tag k="ref" v="SC-20"/>
    <tag k="surface" v="asphalt"/>
  </way>
  <way id="770932508">
    <nd ref="766296781"/>
    <nd ref="912012367"/>
    <nd ref="9932492184"/>
    <nd ref="764912557"/>
    <nd ref="4167684335"/>
    <tag k="cycleway:both" v="no"/>
    <tag k="highway" v="tertiary"/>
    <tag k="junction" v="roundabout"/>
    <tag k="lanes" v="2"/>
    <tag k="lit" v="yes"/>
    <tag k="maxspeed" v="30"/>
    <tag k="surface" v="asphalt"/>
  </way>
  <way id="770932510">
    <nd ref="764235253"/>
    <nd ref="764903625"/>
    <nd ref="764938736"/>
    <tag k="highway" v="primary"/>
    <tag k="junction" v="circular"/>
    <tag k="lanes" v="2"/>
    <tag k="oneway" v="yes"/>
    <tag k="ref" v="SC-20"/>
    <tag k="sidewalk" v="no"/>
    <tag k="surface" v="asphalt"/>
  </way>
  <way id="770932511">
    <nd ref="1324141925"/>
    <nd ref="1324141932"/>
    <nd ref="1324141921"/>
    <nd ref="1324141916"/>
    <nd ref="1324141938"/>
    <nd ref="1324141909"/>
    <tag k="highway" v="secondary"/>
    <tag k="junction" v="roundabout"/>
    <tag k="lanes" v="2"/>
    <tag k="sidewalk" v="no"/>
    <tag k="surface" v="asphalt"/>
  </way>
  <way id="840231072">
    <nd ref="79539350"/>
    <nd ref="9932492166"/>
    <nd ref="1183392435"/>
    <nd ref="1976314989"/>
    <nd ref="1976314993"/>
    <nd ref="7840418025"/>
    <tag k="cycleway:both" v="no"/>
    <tag k="highway" v="tertiary"/>
    <tag k="lanes" v="3"/>
    <tag k="lanes:backward" v="2"/>
    <tag k="lanes:forward" v="1"/>
    <tag k="lit" v="yes"/>
    <tag k="maxspeed" v="30"/>
    <tag k="name" v="Avenida das Casas de Compostela"/>
    <tag k="oneway" v="no"/>
    <tag k="sidewalk" v="both"/>
    <tag k="surface" v="asphalt"/>
  </way>
  <way id="1054358146">
    <nd ref="1890177123"/>
    <nd ref="912012372"/>
    <nd ref="766296758"/>
    <nd ref="766296752"/>
    <nd ref="9932492188"/>
    <nd ref="912012366"/>
    <nd ref="9932492187"/>
    <nd ref="9932492186"/>
    <nd ref="766296760"/>
    <tag k="cycleway:both" v="no"/>
    <tag k="highway" v="tertiary"/>
    <tag k="junction" v="roundabout"/>
    <tag k="lanes" v="2"/>
    <tag k="lit" v="yes"/>
    <tag k="maxspeed" v="30"/>
    <tag k="sidewalk:left" v="no"/>
    <tag k="sidewalk:right" v="separate"/>
    <tag k="smoothness" v="excellent"/>
    <tag k="surface" v="asphalt"/>
  </way>
  <way id="1054358147">
    <nd ref="766296760"/>
    <nd ref="2129083245"/>
    <nd ref="9932492185"/>
    <nd ref="766296781"/>
    <tag k="cycleway:both" v="no"/>
    <tag k="highway" v="tertiary"/>
    <tag k="junction" v="roundabout"/>
    <tag k="lanes" v="2"/>
    <tag k="lit" v="yes"/>
    <tag k="maxspeed" v="30"/>
    <tag k="sidewalk" v="right"/>
    <tag k="surface" v="asphalt"/>
  </way>
  <way id="1086465097">
    <nd ref="4167684335"/>
    <nd ref="764918243"/>
    <nd ref="764915941"/>
    <nd ref="766296771"/>
    <tag k="cycleway:both" v="no"/>
    <tag k="highway" v="tertiary"/>
    <tag k="junction" v="roundabout"/>
    <tag k="lanes" v="2"/>
    <tag k="lit" v="yes"/>
    <tag k="maxspeed" v="30"/>
    <tag k="sidewalk" v="no"/>
    <tag k="smoothness" v="excellent"/>
    <tag k="surface" v="asphalt"/>
  </way>
  <way id="1086477046">
    <nd ref="56542921"/>
    <nd ref="12783494224"/>
    <nd ref="1183392177"/>
    <nd ref="764916318"/>
    <tag k="highway" v="tertiary"/>
    <tag k="lanes" v="2"/>
    <tag k="lit" v="yes"/>
    <tag k="name" v="Campo da Estrela"/>
    <tag k="oneway" v="yes"/>
    <tag k="sidewalk" v="right"/>
    <tag k="surface" v="asphalt"/>
  </way>
  <way id="1086522076">
    <nd ref="764937995"/>
    <nd ref="1183392476"/>
    <nd ref="13338738564"/>
    <nd ref="13338738563"/>
    <nd ref="766473264"/>
    <tag k="cycleway" v="shared_lane"/>
    <tag k="cycleway:lane" v="pictogram"/>
    <tag k="highway" v="residential"/>
    <tag k="lanes" v="1"/>
    <tag k="lit" v="yes"/>
    <tag k="maxspeed" v="30"/>
    <tag k="name" v="Rúa do Doutor Teixeiro"/>
    <tag k="name:etymology:wikidata" v="Q12393112"/>
    <tag k="name:gl" v="Rúa do Doutor Teixeiro"/>
    <tag k="oneway" v="yes"/>
    <tag k="sidewalk:both" v="yes"/>
    <tag k="surface" v="asphalt"/>
  </way>
  <way id="1086522077">
    <nd ref="766498406"/>
    <nd ref="10307699611"/>
    <nd ref="4162222950"/>
    <nd ref="1183392033"/>
    <nd ref="764937995"/>
    <tag k="cycleway" v="shared_lane"/>
    <tag k="cycleway:lane" v="pictogram"/>
    <tag k="highway" v="residential"/>
    <tag k="horse" v="no"/>
    <tag k="lanes" v="1"/>
    <tag k="lit" v="yes"/>
    <tag k="maxspeed" v="30"/>
    <tag k="name" v="Rúa da República de El Salvador"/>
    <tag k="name:es" v="Calle de la República de El Salvador"/>
    <tag k="name:etymology:wikidata" v="Q792"/>
    <tag k="name:gl" v="Rúa da República de El Salvador"/>
    <tag k="oneway" v="yes"/>
    <tag k="sidewalk" v="both"/>
    <tag k="surface" v="asphalt"/>
  </way>
  <way id="1086543726">
    <nd ref="1324141929"/>
    <nd ref="1324141925"/>
    <tag k="highway" v="secondary"/>
    <tag k="junction" v="roundabout"/>
    <tag k="lanes" v="2"/>
    <tag k="lit" v="yes"/>
    <tag k="sidewalk" v="right"/>
    <tag k="sidewalk:right:surface" v="paving_stones"/>
    <tag k="surface" v="asphalt"/>
  </way>
  <way id="1086543727">
    <nd ref="1324141937"/>
    <nd ref="1324141900"/>
    <nd ref="1324141918"/>
    <nd ref="1324141898"/>
    <nd ref="1324141911"/>
    <nd ref="1324141930"/>
    <nd ref="1324141890"/>
    <nd ref="1324141861"/>
    <nd ref="1324141844"/>
    <tag k="highway" v="secondary"/>
    <tag k="junction" v="roundabout"/>
    <tag k="lanes" v="2"/>
    <tag k="sidewalk" v="no"/>
    <tag k="surface" v="asphalt"/>
  </way>
  <way id="1086667041">
    <nd ref="1324141883"/>
    <nd ref="3318475283"/>
    <nd ref="3318475284"/>
    <nd ref="3318475285"/>
    <nd ref="1324141929"/>
    <tag k="highway" v="secondary"/>
    <tag k="junction" v="roundabout"/>
    <tag k="lanes" v="2"/>
    <tag k="sidewalk" v="no"/>
    <tag k="surface" v="asphalt"/>
  </way>
  <way id="1086667042">
    <nd ref="1324141909"/>
    <nd ref="1324141934"/>
    <nd ref="1324141904"/>
    <nd ref="1324141937"/>
    <tag k="highway" v="secondary"/>
    <tag k="junction" v="roundabout"/>
    <tag k="lanes" v="2"/>
    <tag k="lit" v="yes"/>
    <tag k="sidewalk" v="right"/>
    <tag k="sidewalk:right:surface" v="paving_stones"/>
    <tag k="surface" v="asphalt"/>
  </way>
  <way id="1086724960">
    <nd ref="764939612"/>
    <nd ref="1341664000"/>
    <tag k="highway" v="tertiary"/>
    <tag k="lanes" v="1"/>
    <tag k="name" v="Rúa da Senra"/>
    <tag k="oneway" v="yes"/>
    <tag k="sidewalk" v="right"/>
    <tag k="surface" v="asphalt"/>
  </way>
  <way id="1086724971">
    <nd ref="1341663999"/>
    <nd ref="1341664006"/>
    <tag k="highway" v="tertiary"/>
    <tag k="lanes" v="1"/>
    <tag k="name" v="Rúa da Senra"/>
    <tag k="oneway" v="yes"/>
    <tag k="sidewalk" v="right"/>
    <tag k="surface" v="asphalt"/>
  </way>
  <way id="1086724972">
    <nd ref="764910412"/>
    <nd ref="1341663996"/>
    <tag k="highway" v="tertiary"/>
    <tag k="lanes" v="1"/>
    <tag k="lit" v="yes"/>
    <tag k="maxspeed" v="30"/>
    <tag k="name" v="Rúa do Hórreo"/>
    <tag k="name:es" v="Calle del Hórreo"/>
    <tag k="name:gl" v="Rúa do Hórreo"/>
    <tag k="oneway" v="yes"/>
    <tag k="sidewalk" v="right"/>
    <tag k="surface" v="asphalt"/>
  </way>
  <way id="1087483874">
    <nd ref="670738095"/>
    <nd ref="10665789402"/>
    <tag k="cycleway" v="shared_lane"/>
    <tag k="cycleway:lane" v="pictogram"/>
    <tag k="highway" v="residential"/>
    <tag k="lanes" v="1"/>
    <tag k="lit" v="yes"/>
    <tag k="maxspeed" v="30"/>
    <tag k="name" v="Rúa do Xeneral Pardiñas"/>
    <tag k="name:es" v="Calle del General Pardiñas"/>
    <tag k="name:etymology:wikidata" v="Q6099921"/>
    <tag k="name:gl" v="Rúa do Xeneral Pardiñas"/>
    <tag k="oneway" v="yes"/>
    <tag k="sidewalk" v="both"/>
    <tag k="surface" v="asphalt"/>
  </way>
  <way id="1087483875">
    <nd ref="764940956"/>
    <nd ref="1314209607"/>
    <nd ref="670738100"/>
    <tag k="cycleway:both" v="no"/>
    <tag k="highway" v="residential"/>
    <tag k="lanes" v="1"/>
    <tag k="lit" v="yes"/>
    <tag k="maxspeed" v="30"/>
    <tag k="name" v="Praza do Doutor Puente Castro"/>
    <tag k="name:etymology:wikidata" v="Q20535268"/>
    <tag k="oneway" v="yes"/>
    <tag k="sidewalk" v="right"/>
    <tag k="surface" v="asphalt"/>
  </way>
  <way id="1088283191">
    <nd ref="764914940"/>
    <nd ref="1890177123"/>
    <tag k="cycleway:both" v="no"/>
    <tag k="highway" v="tertiary"/>
    <tag k="junction" v="roundabout"/>
    <tag k="lanes" v="2"/>
    <tag k="lit" v="yes"/>
    <tag k="maxspeed" v="30"/>
    <tag k="sidewalk" v="right"/>
    <tag k="surface" v="asphalt"/>
  </way>
  <way id="1088283199">
    <nd ref="764938736"/>
    <nd ref="764235227"/>
    <nd ref="764913172"/>
    <nd ref="7238616193"/>
    <nd ref="766296926"/>
    <nd ref="764917051"/>
    <tag k="highway" v="primary"/>
    <tag k="lanes" v="2"/>
    <tag k="lit" v="yes"/>
    <tag k="maxspeed" v="30"/>
    <tag k="name" v="Avenida de Romero Donallo"/>
    <tag k="name:etymology:wikidata" v="Q12388351"/>
    <tag k="oneway" v="yes"/>
    <tag k="sidewalk" v="right"/>
    <tag k="surface" v="asphalt"/>
  </way>
  <way id="1088283200">
    <nd ref="10169006924"/>
    <nd ref="283126070"/>
    <tag k="bicycle" v="yes"/>
    <tag k="cycleway" v="no"/>
    <tag k="highway" v="secondary"/>
    <tag k="lanes" v="2"/>
    <tag k="lit" v="yes"/>
    <tag k="maxspeed" v="30"/>
    <tag k="maxweight" v="5.5"/>
    <tag k="name" v="Rúa do Hórreo"/>
    <tag k="old_ref" v="N-550"/>
    <tag k="oneway" v="yes"/>
    <tag k="sidewalk:left" v="no"/>
    <tag k="sidewalk:right" v="separate"/>
    <tag k="surface" v="asphalt"/>
  </way>
  <way id="1088283202">
    <nd ref="764903142"/>
    <nd ref="4162222930"/>
    <nd ref="1030022402"/>
    <nd ref="766472650"/>
    <tag k="cycleway" v="shared_lane"/>
    <tag k="cycleway:lane" v="pictogram"/>
    <tag k="highway" v="residential"/>
    <tag k="lanes" v="2"/>
    <tag k="lit" v="yes"/>
    <tag k="maxspeed" v="30"/>
    <tag k="name" v="Rúa da Rosa"/>
    <tag k="oneway" v="yes"/>
    <tag k="sidewalk" v="both"/>
    <tag k="surface" v="asphalt"/>
  </way>
  <way id="1111513668">
    <nd ref="10169006924"/>
    <nd ref="11991954423"/>
    <nd ref="10169006921"/>
    <nd ref="11991954422"/>
    <nd ref="10169006918"/>
    <tag k="cycleway" v="no"/>
    <tag k="highway" v="secondary"/>
    <tag k="junction" v="roundabout"/>
    <tag k="lane_markings" v="no"/>
    <tag k="lit" v="yes"/>
    <tag k="maxspeed" v="30"/>
    <tag k="maxweight" v="5.5"/>
    <tag k="old_ref" v="N-550"/>
    <tag k="sidewalk" v="no"/>
    <tag k="surface" v="asphalt"/>
  </way>
  <way id="1118176595">
    <nd ref="766473457"/>
    <nd ref="982368331"/>
    <nd ref="982368333"/>
    <tag k="highway" v="tertiary"/>
    <tag k="lanes" v="1"/>
    <tag k="lit" v="yes"/>
    <tag k="name" v="Campo da Estrela"/>
    <tag k="oneway" v="yes"/>
    <tag k="sidewalk" v="right"/>
    <tag k="surface" v="asphalt"/>
  </way>
  <way id="1146112146">
    <nd ref="764937995"/>
    <nd ref="1183392687"/>
    <nd ref="10665789400"/>
    <tag k="cycleway" v="shared_lane"/>
    <tag k="cycleway:lane" v="pictogram"/>
    <tag k="highway" v="residential"/>
    <tag k="horse" v="no"/>
    <tag k="lanes" v="1"/>
    <tag k="lit" v="yes"/>
    <tag k="maxspeed" v="30"/>
    <tag k="name" v="Rúa da República de El Salvador"/>
    <tag k="name:es" v="Calle de la República de El Salvador"/>
    <tag k="name:etymology:wikidata" v="Q792"/>
    <tag k="name:gl" v="Rúa da República de El Salvador"/>
    <tag k="oneway" v="yes"/>
    <tag k="sidewalk" v="both"/>
    <tag k="surface" v="asphalt"/>
  </way>
  <way id="1154384311">
    <nd ref="918157630"/>
    <nd ref="11851119391"/>
    <nd ref="9621030761"/>
    <nd ref="764916860"/>
    <tag k="highway" v="residential"/>
    <tag k="lane_markings" v="no"/>
    <tag k="maxspeed" v="20"/>
    <tag k="name" v="Avenida do Profesor Legaz Lacambra"/>
    <tag k="name:etymology:wikidata" v="Q12392467"/>
    <tag k="oneway" v="yes"/>
    <tag k="surface" v="concrete"/>
  </way>
  <way id="1177840544">
    <nd ref="764930384"/>
    <nd ref="10941790911"/>
    <tag k="highway" v="secondary"/>
    <tag k="lanes" v="2"/>
    <tag k="lanes:psv" v="1"/>
    <tag k="lit" v="yes"/>
    <tag k="maxspeed" v="20"/>
    <tag k="maxweight" v="5.5"/>
    <tag k="name" v="Rúa do Hórreo"/>
    <tag k="old_ref" v="N-550"/>
    <tag k="oneway" v="yes"/>
    <tag k="surface" v="asphalt"/>
  </way>
  <way id="1177840547">
    <nd ref="11991954223"/>
    <nd ref="10941790916"/>
    <nd ref="10941790915"/>
    <nd ref="10941666403"/>
    <nd ref="766473193"/>
    <tag k="bicycle" v="yes"/>
    <tag k="highway" v="secondary"/>
    <tag k="lane_markings" v="no"/>
    <tag k="lit" v="yes"/>
    <tag k="maxspeed" v="20"/>
    <tag k="maxweight" v="5.5"/>
    <tag k="name" v="Rúa do Hórreo"/>
    <tag k="old_ref" v="N-550"/>
    <tag k="oneway" v="yes"/>
    <tag k="sidewalk:left" v="no"/>
    <tag k="sidewalk:right" v="separate"/>
    <tag k="surface" v="paving_stones"/>
  </way>
  <way id="1177840549">
    <nd ref="10941790909"/>
    <nd ref="10941790908"/>
    <nd ref="10941790913"/>
    <tag k="bicycle" v="yes"/>
    <tag k="highway" v="secondary"/>
    <tag k="lane_markings" v="no"/>
    <tag k="lit" v="yes"/>
    <tag k="maxspeed" v="20"/>
    <tag k="maxweight" v="5.5"/>
    <tag k="name" v="Rúa do Hórreo"/>
    <tag k="old_ref" v="N-550"/>
    <tag k="oneway" v="yes"/>
    <tag k="sidewalk:left" v="no"/>
    <tag k="sidewalk:right" v="separate"/>
    <tag k="surface" v="paving_stones"/>
  </way>
  <way id="1177840550">
    <nd ref="10941666402"/>
    <nd ref="766297945"/>
    <nd ref="10307689500"/>
    <nd ref="766297961"/>
    <tag k="highway" v="secondary"/>
    <tag k="lanes" v="2"/>
    <tag k="lanes:psv" v="1"/>
    <tag k="lit" v="yes"/>
    <tag k="maxspeed" v="20"/>
    <tag k="maxweight" v="5.5"/>
    <tag k="name" v="Rúa do Hórreo"/>
    <tag k="old_ref" v="N-550"/>
    <tag k="oneway" v="yes"/>
    <tag k="sidewalk:left" v="no"/>
    <tag k="sidewalk:right" v="separate"/>
    <tag k="surface" v="asphalt"/>
  </way>
  <way id="1177840551">
    <nd ref="766473193"/>
    <nd ref="10307689499"/>
    <nd ref="12903777128"/>
    <nd ref="7105880147"/>
    <nd ref="10941790909"/>
    <tag k="bicycle" v="yes"/>
    <tag k="highway" v="secondary"/>
    <tag k="lanes" v="2"/>
    <tag k="lit" v="yes"/>
    <tag k="maxspeed" v="20"/>
    <tag k="maxweight" v="5.5"/>
    <tag k="name" v="Rúa do Hórreo"/>
    <tag k="old_ref" v="N-550"/>
    <tag k="oneway" v="yes"/>
    <tag k="sidewalk:left" v="no"/>
    <tag k="sidewalk:right" v="separate"/>
    <tag k="surface" v="asphalt"/>
  </way>
  <way id="1177840553">
    <nd ref="1030045711"/>
    <nd ref="12903777120"/>
    <nd ref="1324141844"/>
    <tag k="bicycle" v="yes"/>
    <tag k="highway" v="secondary"/>
    <tag k="lanes" v="2"/>
    <tag k="lit" v="yes"/>
    <tag k="maxspeed" v="30"/>
    <tag k="maxweight" v="5.5"/>
    <tag k="name" v="Rúa do Hórreo"/>
    <tag k="old_ref" v="N-550"/>
    <tag k="oneway" v="yes"/>
    <tag k="sidewalk:left" v="no"/>
    <tag k="sidewalk:right" v="separate"/>
    <tag k="surface" v="asphalt"/>
  </way>
  <way id="1177840555">
    <nd ref="10941790911"/>
    <nd ref="10941666404"/>
    <nd ref="764934846"/>
    <nd ref="10941666402"/>
    <tag k="bicycle" v="yes"/>
    <tag k="highway" v="secondary"/>
    <tag k="lane_markings" v="no"/>
    <tag k="lit" v="yes"/>
    <tag k="maxspeed" v="20"/>
    <tag k="maxweight" v="5.5"/>
    <tag k="name" v="Rúa do Hórreo"/>
    <tag k="old_ref" v="N-550"/>
    <tag k="oneway" v="yes"/>
    <tag k="sidewalk:left" v="no"/>
    <tag k="sidewalk:right" v="separate"/>
    <tag k="surface" v="paving_stones"/>
  </way>
  <way id="1177840558">
    <nd ref="10941790913"/>
    <nd ref="10307689498"/>
    <nd ref="283126111"/>
    <tag k="bicycle" v="yes"/>
    <tag k="cycleway" v="no"/>
    <tag k="highway" v="secondary"/>
    <tag k="lanes" v="2"/>
    <tag k="lit" v="yes"/>
    <tag k="maxspeed" v="20"/>
    <tag k="maxweight" v="5.5"/>
    <tag k="name" v="Rúa do Hórreo"/>
    <tag k="old_ref" v="N-550"/>
    <tag k="oneway" v="yes"/>
    <tag k="sidewalk:left" v="no"/>
    <tag k="sidewalk:right" v="separate"/>
    <tag k="surface" v="asphalt"/>
  </way>
  <way id="1177840559">
    <nd ref="766297961"/>
    <nd ref="10941790912"/>
    <nd ref="10941790917"/>
    <nd ref="12903777130"/>
    <nd ref="10941790914"/>
    <nd ref="1030045711"/>
    <tag k="bicycle" v="yes"/>
    <tag k="highway" v="secondary"/>
    <tag k="lane_markings" v="no"/>
    <tag k="lit" v="yes"/>
    <tag k="maxspeed" v="20"/>
    <tag k="maxweight" v="5.5"/>
    <tag k="name" v="Rúa do Hórreo"/>
    <tag k="old_ref" v="N-550"/>
    <tag k="oneway" v="yes"/>
    <tag k="sidewalk:left" v="no"/>
    <tag k="sidewalk:right" v="separate"/>
    <tag k="surface" v="paving_stones"/>
  </way>
  <way id="1177903505">
    <nd ref="766297064"/>
    <nd ref="2203916490"/>
    <nd ref="12674335926"/>
    <nd ref="12674335924"/>
    <nd ref="764914378"/>
    <tag k="cycleway" v="shared_lane"/>
    <tag k="cycleway:lane" v="pictogram"/>
    <tag k="highway" v="residential"/>
    <tag k="lanes" v="2"/>
    <tag k="lit" v="yes"/>
    <tag k="maxspeed" v="30"/>
    <tag k="name" v="Praza de Vigo"/>
    <tag k="name:es" v="Plaza de Vigo"/>
    <tag k="name:etymology:wikidata" v="Q8745"/>
    <tag k="name:gl" v="Praza de Vigo"/>
    <tag k="oneway" v="yes"/>
    <tag k="sidewalk" v="both"/>
    <tag k="surface" v="concrete"/>
  </way>
  <way id="1177903506">
    <nd ref="283126079"/>
    <nd ref="2129062152"/>
    <nd ref="665429043"/>
    <nd ref="764914507"/>
    <tag k="cycleway" v="shared_lane"/>
    <tag k="cycleway:lane" v="pictogram"/>
    <tag k="highway" v="residential"/>
    <tag k="lanes" v="1"/>
    <tag k="lit" v="yes"/>
    <tag k="maxspeed" v="30"/>
    <tag k="name" v="Rúa de San Pedro de Mezonzo"/>
    <tag k="name:etymology:wikidata" v="Q3393707"/>
    <tag k="oneway" v="yes"/>
    <tag k="sidewalk" v="both"/>
    <tag k="surface" v="asphalt"/>
  </way>
  <way id="1177903507">
    <nd ref="1340637577"/>
    <nd ref="4162222933"/>
    <nd ref="764903142"/>
    <tag k="cycleway" v="shared_lane"/>
    <tag k="cycleway:lane" v="pictogram"/>
    <tag k="highway" v="residential"/>
    <tag k="lanes" v="2"/>
    <tag k="lit" v="yes"/>
    <tag k="maxspeed" v="30"/>
    <tag k="name" v="Rúa da Rosa"/>
    <tag k="oneway" v="yes"/>
    <tag k="sidewalk" v="both"/>
    <tag k="source:name" v="survey"/>
    <tag k="surface" v="asphalt"/>
  </way>
  <way id="1177903508">
    <nd ref="5463399382"/>
    <nd ref="4162222937"/>
    <nd ref="1340637577"/>
    <tag k="cycleway" v="shared_lane"/>
    <tag k="cycleway:lane" v="pictogram"/>
    <tag k="highway" v="residential"/>
    <tag k="lanes" v="1"/>
    <tag k="lit" v="yes"/>
    <tag k="maxspeed" v="30"/>
    <tag k="name" v="Rúa da Rosa"/>
    <tag k="oneway" v="yes"/>
    <tag k="sidewalk" v="both"/>
    <tag k="source:name" v="survey"/>
    <tag k="surface" v="asphalt"/>
  </way>
  <way id="1177903509">
    <nd ref="764236405"/>
    <nd ref="764932495"/>
    <nd ref="764236415"/>
    <nd ref="764941562"/>
    <nd ref="766473257"/>
    <tag k="cycleway:both" v="no"/>
    <tag k="highway" v="residential"/>
    <tag k="lanes" v="1"/>
    <tag k="lit" v="yes"/>
    <tag k="maxspeed" v="30"/>
    <tag k="name" v="Praza do Doutor Puente Castro"/>
    <tag k="name:etymology:wikidata" v="Q20535268"/>
    <tag k="oneway" v="yes"/>
    <tag k="sidewalk" v="right"/>
    <tag k="surface" v="asphalt"/>
  </way>
  <way id="1177922970">
    <nd ref="764915616"/>
    <nd ref="1890174920"/>
    <nd ref="4234704227"/>
    <tag k="cycleway:both" v="no"/>
    <tag k="highway" v="residential"/>
    <tag k="lanes" v="2"/>
    <tag k="lit" v="yes"/>
    <tag k="maxspeed" v="30"/>
    <tag k="name" v="Avenida de Vilagarcía"/>
    <tag k="name:es" v="Avenida de Vilagarcía"/>
    <tag k="name:etymology:wikidata" v="Q1442637"/>
    <tag k="name:gl" v="Avenida de Vilagarcía"/>
    <tag k="oneway" v="yes"/>
    <tag k="sidewalk" v="both"/>
    <tag k="surface" v="concrete"/>
  </way>
  <way id="1177922971">
    <nd ref="10759426237"/>
    <nd ref="993337307"/>
    <nd ref="1272123637"/>
    <tag k="cycleway:both" v="no"/>
    <tag k="highway" v="residential"/>
    <tag k="lanes" v="2"/>
    <tag k="lit" v="yes"/>
    <tag k="maxspeed" v="30"/>
    <tag k="maxweight" v="5.5"/>
    <tag k="name" v="Avenida de Vilagarcía"/>
    <tag k="name:es" v="Avenida de Vilagarcía"/>
    <tag k="name:etymology:wikidata" v="Q1442637"/>
    <tag k="name:gl" v="Avenida de Vilagarcía"/>
    <tag k="oneway" v="yes"/>
    <tag k="parking:both" v="yes"/>
    <tag k="parking:both:orientation" v="parallel"/>
    <tag k="surface" v="asphalt"/>
  </way>
  <way id="1186571529">
    <nd ref="11020757197"/>
    <nd ref="11020788205"/>
    <nd ref="11020757204"/>
    <tag k="highway" v="residential"/>
    <tag k="lanes" v="1"/>
    <tag k="maxspeed" v="20"/>
    <tag k="name" v="Rúa dos Feáns"/>
    <tag k="oneway" v="yes"/>
    <tag k="surface" v="asphalt"/>
  </way>
  <way id="1186571530">
    <nd ref="11020757200"/>
    <nd ref="11020788206"/>
    <nd ref="11020788207"/>
    <nd ref="11020788208"/>
    <nd ref="11020757197"/>
    <tag k="highway" v="residential"/>
    <tag k="lanes" v="1"/>
    <tag k="maxspeed" v="20"/>
    <tag k="name" v="Avenida de Vigo"/>
    <tag k="name:etymology:wikidata" v="Q8745"/>
    <tag k="oneway" v="yes"/>
    <tag k="surface" v="asphalt"/>
  </way>
  <way id="1186571531">
    <nd ref="11020757200"/>
    <nd ref="11020757201"/>
    <nd ref="11020757202"/>
    <nd ref="11020757203"/>
    <nd ref="11020757204"/>
    <tag k="highway" v="residential"/>
    <tag k="lanes" v="1"/>
    <tag k="maxspeed" v="20"/>
    <tag k="name" v="Avenida de Vigo"/>
    <tag k="name:etymology:wikidata" v="Q8745"/>
    <tag k="oneway" v="yes"/>
    <tag k="surface" v="asphalt"/>
  </way>
  <way id="1186571532">
    <nd ref="11020757204"/>
    <nd ref="1197196924"/>
    <tag k="highway" v="residential"/>
    <tag k="lanes" v="1"/>
    <tag k="lit" v="yes"/>
    <tag k="maxspeed" v="20"/>
    <tag k="name" v="Rúa dos Feáns"/>
    <tag k="oneway" v="yes"/>
    <tag k="surface" v="asphalt"/>
  </way>
  <way id="1197487036">
    <nd ref="56541750"/>
    <nd ref="56542921"/>
    <tag k="cycleway:both" v="no"/>
    <tag k="highway" v="tertiary"/>
    <tag k="lanes" v="3"/>
    <tag k="lanes:backward" v="1"/>
    <tag k="lanes:forward" v="2"/>
    <tag k="lit" v="yes"/>
    <tag k="maxspeed" v="30"/>
    <tag k="name" v="Avenida Xoán Carlos I"/>
    <tag k="name:etymology:wikidata" v="Q19943"/>
    <tag k="oneway" v="no"/>
    <tag k="sidewalk" v="both"/>
    <tag k="surface" v="asphalt"/>
  </way>
  <way id="1197492375">
    <nd ref="764914654"/>
    <nd ref="1777201353"/>
    <nd ref="1183392473"/>
    <nd ref="766296829"/>
    <nd ref="764904677"/>
    <tag k="highway" v="residential"/>
    <tag k="lanes" v="1"/>
    <tag k="lit" v="yes"/>
    <tag k="maxspeed" v="30"/>
    <tag k="name" v="Rúa de García Prieto"/>
    <tag k="name:es" v="Calle de García Prieto"/>
    <tag k="name:etymology:wikidata" v="Q562507"/>
    <tag k="name:gl" v="Rúa de García Prieto"/>
    <tag k="oneway" v="yes"/>
    <tag k="sidewalk:left" v="separate"/>
    <tag k="sidewalk:right" v="yes"/>
    <tag k="surface" v="asphalt"/>
  </way>
  <way id="1222306650">
    <nd ref="56543542"/>
    <nd ref="9932492180"/>
    <nd ref="9932492179"/>
    <nd ref="9932492178"/>
    <nd ref="1183392349"/>
    <nd ref="56541841"/>
    <tag k="cycleway:both" v="no"/>
    <tag k="highway" v="tertiary"/>
    <tag k="lanes" v="3"/>
    <tag k="lanes:backward" v="2"/>
    <tag k="lanes:forward" v="1"/>
    <tag k="lit" v="yes"/>
    <tag k="maxspeed" v="30"/>
    <tag k="name" v="Avenida de Rosalía de Castro"/>
    <tag k="name:etymology:wikidata" v="Q464264"/>
    <tag k="old_name" v="O Camiño Novo"/>
    <tag k="sidewalk" v="both"/>
    <tag k="sidewalk:both:surface" v="paving_stones"/>
    <tag k="smoothness" v="good"/>
    <tag k="surface" v="asphalt"/>
  </way>
  <way id="1222306652">
    <nd ref="56541841"/>
    <nd ref="764912089"/>
    <tag k="cycleway:both" v="no"/>
    <tag k="highway" v="tertiary"/>
    <tag k="lanes" v="3"/>
    <tag k="lanes:backward" v="2"/>
    <tag k="lanes:forward" v="1"/>
    <tag k="lit" v="yes"/>
    <tag k="maxspeed" v="30"/>
    <tag k="name" v="Avenida de Rosalía de Castro"/>
    <tag k="name:etymology:wikidata" v="Q464264"/>
    <tag k="old_name" v="O Camiño Novo"/>
    <tag k="sidewalk" v="both"/>
    <tag k="sidewalk:both:surface" v="paving_stones"/>
    <tag k="surface" v="asphalt"/>
    <tag k="turn:lanes:backward" v="slight_left|through"/>
  </way>
  <way id="1274918222">
    <nd ref="10168985315"/>
    <nd ref="1030022843"/>
    <nd ref="12903777124"/>
    <nd ref="12903777127"/>
    <nd ref="764929840"/>
    <nd ref="7105880145"/>
    <nd ref="11991940595"/>
    <nd ref="764930384"/>
    <tag k="highway" v="secondary"/>
    <tag k="lanes" v="2"/>
    <tag k="lanes:psv" v="1"/>
    <tag k="lit" v="yes"/>
    <tag k="maxspeed" v="30"/>
    <tag k="maxweight" v="5.5"/>
    <tag k="name" v="Rúa do Hórreo"/>
    <tag k="old_ref" v="N-550"/>
    <tag k="oneway" v="yes"/>
    <tag k="surface" v="asphalt"/>
  </way>
  <way id="1274918223">
    <nd ref="10169006918"/>
    <nd ref="11991954421"/>
    <nd ref="11837559247"/>
    <nd ref="11991954429"/>
    <nd ref="11991954430"/>
    <nd ref="11991954428"/>
    <nd ref="10168985315"/>
    <tag k="cycleway" v="no"/>
    <tag k="highway" v="secondary"/>
    <tag k="junction" v="roundabout"/>
    <tag k="lane_markings" v="no"/>
    <tag k="lit" v="yes"/>
    <tag k="maxspeed" v="30"/>
    <tag k="maxweight" v="5.5"/>
    <tag k="old_ref" v="N-550"/>
    <tag k="sidewalk" v="separate"/>
    <tag k="surface" v="asphalt"/>
  </way>
  <way id="1274918224">
    <nd ref="10168985315"/>
    <nd ref="10168985312"/>
    <nd ref="10168985311"/>
    <nd ref="10169006929"/>
    <tag k="cycleway" v="no"/>
    <tag k="highway" v="secondary"/>
    <tag k="junction" v="roundabout"/>
    <tag k="lane_markings" v="no"/>
    <tag k="lit" v="yes"/>
    <tag k="maxspeed" v="30"/>
    <tag k="maxweight" v="5.5"/>
    <tag k="old_ref" v="N-550"/>
    <tag k="sidewalk" v="no"/>
    <tag k="surface" v="asphalt"/>
  </way>
  <way id="1274918225">
    <nd ref="283126111"/>
    <nd ref="12903777125"/>
    <nd ref="12903777126"/>
    <nd ref="2445869000"/>
    <nd ref="1030022577"/>
    <nd ref="11991954431"/>
    <nd ref="10169006929"/>
    <tag k="bicycle" v="yes"/>
    <tag k="cycleway" v="no"/>
    <tag k="highway" v="secondary"/>
    <tag k="lanes" v="2"/>
    <tag k="lit" v="yes"/>
    <tag k="maxspeed" v="30"/>
    <tag k="maxweight" v="5.5"/>
    <tag k="name" v="Rúa do Hórreo"/>
    <tag k="old_ref" v="N-550"/>
    <tag k="oneway" v="yes"/>
    <tag k="sidewalk:left" v="no"/>
    <tag k="sidewalk:right" v="separate"/>
    <tag k="surface" v="asphalt"/>
  </way>
  <way id="1274918226">
    <nd ref="10169006929"/>
    <nd ref="11991954427"/>
    <nd ref="11991954426"/>
    <nd ref="10169006928"/>
    <nd ref="766473156"/>
    <nd ref="10169006926"/>
    <nd ref="10169006925"/>
    <nd ref="11991954424"/>
    <nd ref="11991954425"/>
    <nd ref="10169006924"/>
    <tag k="cycleway" v="no"/>
    <tag k="highway" v="secondary"/>
    <tag k="junction" v="roundabout"/>
    <tag k="lane_markings" v="no"/>
    <tag k="lit" v="yes"/>
    <tag k="maxspeed" v="30"/>
    <tag k="maxweight" v="5.5"/>
    <tag k="old_ref" v="N-550"/>
    <tag k="sidewalk" v="separate"/>
    <tag k="surface" v="asphalt"/>
  </way>
  <way id="1293650730">
    <nd ref="144365029"/>
    <nd ref="144364988"/>
    <tag k="bridge" v="yes"/>
    <tag k="hazmat" v="designated"/>
    <tag k="highway" v="trunk"/>
    <tag k="lanes" v="2"/>
    <tag k="layer" v="1"/>
    <tag k="lit" v="no"/>
    <tag k="maxspeed" v="50"/>
    <tag k="motorroad" v="yes"/>
    <tag k="name" v="Avenida de Antonio Fraguas"/>
    <tag k="old_ref" v="N-550"/>
    <tag k="oneway" v="yes"/>
    <tag k="ref" v="SC-20"/>
    <tag k="surface" v="asphalt"/>
  </way>
  <way id="1361687244">
    <nd ref="968960686"/>
    <nd ref="2396254362"/>
    <tag k="highway" v="residential"/>
    <tag k="lanes" v="1"/>
    <tag k="lit" v="yes"/>
    <tag k="maxspeed" v="30"/>
    <tag k="name" v="Avenida de Vilagarcía"/>
    <tag k="name:etymology:wikidata" v="Q1442637"/>
    <tag k="oneway" v="yes"/>
    <tag k="sidewalk" v="separate"/>
    <tag k="surface" v="asphalt"/>
  </way>
  <way id="1361687247">
    <nd ref="1272123637"/>
    <nd ref="12606879419"/>
    <nd ref="1272127497"/>
    <tag k="cycleway:both" v="no"/>
    <tag k="highway" v="residential"/>
    <tag k="lanes" v="2"/>
    <tag k="lit" v="yes"/>
    <tag k="maxspeed" v="30"/>
    <tag k="maxweight" v="5.5"/>
    <tag k="name" v="Avenida de Vilagarcía"/>
    <tag k="name:es" v="Avenida de Vilagarcía"/>
    <tag k="name:etymology:wikidata" v="Q1442637"/>
    <tag k="name:gl" v="Avenida de Vilagarcía"/>
    <tag k="oneway" v="yes"/>
    <tag k="parking:both" v="no"/>
    <tag k="surface" v="asphalt"/>
  </way>
  <way id="1375055958">
    <nd ref="144364863"/>
    <nd ref="7238616191"/>
    <nd ref="144364872"/>
    <nd ref="764235202"/>
    <tag k="destination" v="Centro cidade;Parlamento de Galicia"/>
    <tag k="highway" v="trunk_link"/>
    <tag k="lanes" v="1"/>
    <tag k="maxspeed" v="40"/>
    <tag k="motorroad" v="yes"/>
    <tag k="name" v="Avenida de Antonio Fraguas"/>
    <tag k="name:etymology:wikidata" v="Q8201228"/>
    <tag k="old_ref" v="N-550"/>
    <tag k="oneway" v="yes"/>
    <tag k="ref" v="SC-20"/>
    <tag k="surface" v="asphalt"/>
  </way>
  <way id="1394049369">
    <nd ref="2445868994"/>
    <nd ref="13566119349"/>
    <nd ref="12903777131"/>
    <nd ref="12903777132"/>
    <nd ref="10169006918"/>
    <tag k="bicycle" v="yes"/>
    <tag k="highway" v="secondary"/>
    <tag k="lanes" v="2"/>
    <tag k="lanes:psv" v="1"/>
    <tag k="lit" v="yes"/>
    <tag k="maxspeed" v="30"/>
    <tag k="maxweight" v="5.5"/>
    <tag k="name" v="Rúa do Hórreo"/>
    <tag k="old_ref" v="N-550"/>
    <tag k="oneway" v="yes"/>
    <tag k="surface" v="asphalt"/>
  </way>
  <way id="1394049370">
    <nd ref="1228588143"/>
    <nd ref="12903777137"/>
    <nd ref="12903777139"/>
    <nd ref="12903777138"/>
    <nd ref="766298039"/>
    <tag k="cycleway:both" v="no"/>
    <tag k="highway" v="tertiary"/>
    <tag k="lanes" v="3"/>
    <tag k="lanes:backward" v="1"/>
    <tag k="lanes:forward" v="2"/>
    <tag k="lit" v="yes"/>
    <tag k="maxspeed" v="30"/>
    <tag k="name" v="Rúa do Hórreo"/>
    <tag k="name:es" v="Calle del Hórreo"/>
    <tag k="name:gl" v="Rúa do Hórreo"/>
    <tag k="oneway" v="no"/>
    <tag k="sidewalk" v="separate"/>
    <tag k="surface" v="asphalt"/>
  </way>
  <way id="1394049371">
    <nd ref="12903777135"/>
    <nd ref="1234021277"/>
    <nd ref="1228588143"/>
    <tag k="cycleway:both" v="no"/>
    <tag k="highway" v="tertiary"/>
    <tag k="lanes" v="3"/>
    <tag k="lanes:backward" v="1"/>
    <tag k="lanes:forward" v="2"/>
    <tag k="lit" v="yes"/>
    <tag k="maxspeed" v="30"/>
    <tag k="name" v="Rúa do Hórreo"/>
    <tag k="name:es" v="Calle del Hórreo"/>
    <tag k="name:gl" v="Rúa do Hórreo"/>
    <tag k="oneway" v="no"/>
    <tag k="sidewalk" v="separate"/>
    <tag k="surface" v="asphalt"/>
    <tag k="turn:lanes:forward" v="left|through"/>
  </way>
  <way id="1411591613">
    <nd ref="1197196587"/>
    <nd ref="1954791512"/>
    <nd ref="1954791511"/>
    <nd ref="3756356973"/>
    <nd ref="12971197934"/>
    <nd ref="1183392316"/>
    <nd ref="12971197935"/>
    <nd ref="1272152901"/>
    <tag k="cycleway:both" v="no"/>
    <tag k="highway" v="residential"/>
    <tag k="lanes" v="3"/>
    <tag k="lanes:backward" v="1"/>
    <tag k="lanes:forward" v="2"/>
    <tag k="maxspeed" v="20"/>
    <tag k="maxspeed:type" v="sign"/>
    <tag k="name" v="Avenida da Coruña"/>
    <tag k="name:etymology:wikidata" v="Q8757"/>
    <tag k="oneway" v="no"/>
    <tag k="parking:both" v="street_side"/>
    <tag k="parking:both:orientation" v="parallel"/>
    <tag k="parking:condition:both" v="ticket"/>
    <tag k="sidewalk:both" v="separate"/>
    <tag k="surface" v="sett"/>
    <tag k="turn:lanes:forward" v="left|right"/>
  </way>
  <way id="1412267322">
    <nd ref="911191529"/>
    <nd ref="1458202980"/>
    <nd ref="912009768"/>
    <nd ref="12977876045"/>
    <nd ref="1117832715"/>
    <nd ref="12977876040"/>
    <nd ref="912009769"/>
    <nd ref="12977876041"/>
    <nd ref="912009770"/>
    <nd ref="12977876039"/>
    <tag k="highway" v="tertiary"/>
    <tag k="lanes" v="4"/>
    <tag k="lanes:backward" v="2"/>
    <tag k="lanes:forward" v="2"/>
    <tag k="lit" v="yes"/>
    <tag k="maxspeed" v="30"/>
    <tag k="name" v="Avenida de Ferrol"/>
    <tag k="name:etymology:wikidata" v="Q485329"/>
    <tag k="oneway" v="no"/>
    <tag k="surface" v="asphalt"/>
  </way>
  <way id="1481149770">
    <nd ref="13585059782"/>
    <nd ref="13585059792"/>
    <nd ref="10941631851"/>
    <nd ref="13585059787"/>
    <nd ref="13585059788"/>
    <nd ref="79538807"/>
    <nd ref="79538816"/>
    <nd ref="79538824"/>
    <nd ref="13585059789"/>
    <nd ref="7231003963"/>
    <nd ref="8785707942"/>
    <tag k="cycleway:left" v="no"/>
    <tag k="cycleway:right" v="separate"/>
    <tag k="cycleway:right:oneway" v="no"/>
    <tag k="highway" v="secondary"/>
    <tag k="lanes" v="4"/>
    <tag k="lanes:backward" v="2"/>
    <tag k="lanes:forward" v="2"/>
    <tag k="lanes:psv:backward" v="1"/>
    <tag k="lit" v="yes"/>
    <tag k="maxspeed" v="30"/>
    <tag k="name" v="Rúa de Clara Campoamor"/>
    <tag k="name:etymology:wikidata" v="Q3321142"/>
    <tag k="oneway" v="no"/>
    <tag k="surface" v="asphalt"/>
    <tag k="turn:lanes:forward" v="left|through"/>
  </way>
  <way id="1488260506">
    <nd ref="766473257"/>
    <nd ref="1954824740"/>
    <tag k="cycleway" v="no"/>
    <tag k="highway" v="residential"/>
    <tag k="lanes" v="1"/>
    <tag k="lit" v="yes"/>
    <tag k="maxspeed" v="30"/>
    <tag k="name" v="Rúa da República Arxentina"/>
    <tag k="name:es" v="Calle de la República Argentina"/>
    <tag k="name:etymology:wikidata" v="Q414"/>
    <tag k="name:gl" v="Rúa da República Arxentina"/>
    <tag k="oneway" v="yes"/>
    <tag k="sidewalk" v="both"/>
    <tag k="surface" v="asphalt"/>
  </way>

</osm>